Date;Distributeur;CB;Total HT (5.5%);Total TVA (5.5%);Total HT (6%);Total TVA (6%);Total HT (10%);Total TVA (10%);Total HT;Total TTC
01/01/2021;We Love Pizza 2 - Haine Saint Paul;145.40;0.00;0.00;137.17;8.23;0.00;0.00;137.17;145.40
01/01/2021;We Love Pizza Gembloux;101.90;0.00;0.00;96.15;5.75;0.00;0.00;96.15;101.90
01/01/2021;[Sélection];247.30;0.00;0.00;233.32;13.98;0.00;0.00;233.32;247.30
02/01/2021;We Love Pizza 2 - Haine Saint Paul;178.00;0.00;0.00;167.94;10.06;0.00;0.00;167.94;178.00
02/01/2021;We Love Pizza Gembloux;88.00;0.00;0.00;83.05;4.95;0.00;0.00;83.05;88.00
02/01/2021;[Sélection];266.00;0.00;0.00;250.99;15.01;0.00;0.00;250.99;266.00
03/01/2021;We Love Pizza 2 - Haine Saint Paul;61.40;0.00;0.00;57.92;3.48;0.00;0.00;57.92;61.40
03/01/2021;We Love Pizza Gembloux;49.70;0.00;0.00;46.89;2.81;0.00;0.00;46.89;49.70
03/01/2021;[Sélection];111.10;0.00;0.00;104.81;6.29;0.00;0.00;104.81;111.10
04/01/2021;We Love Pizza 2 - Haine Saint Paul;98.40;0.00;0.00;92.84;5.56;0.00;0.00;92.84;98.40
04/01/2021;We Love Pizza Gembloux;101.50;0.00;0.00;95.76;5.74;0.00;0.00;95.76;101.50
04/01/2021;[Sélection];199.90;0.00;0.00;188.60;11.30;0.00;0.00;188.60;199.90
05/01/2021;We Love Pizza 2 - Haine Saint Paul;170.00;0.00;0.00;160.40;9.60;0.00;0.00;160.40;170.00
05/01/2021;We Love Pizza Gembloux;168.60;0.00;0.00;159.07;9.53;0.00;0.00;159.07;168.60
05/01/2021;[Sélection];338.60;0.00;0.00;319.47;19.13;0.00;0.00;319.47;338.60
06/01/2021;We Love Pizza 2 - Haine Saint Paul;116.50;0.00;0.00;109.92;6.58;0.00;0.00;109.92;116.50
06/01/2021;We Love Pizza Gembloux;57.10;0.00;0.00;53.87;3.23;0.00;0.00;53.87;57.10
06/01/2021;[Sélection];173.60;0.00;0.00;163.79;9.81;0.00;0.00;163.79;173.60
07/01/2021;We Love Pizza 2 - Haine Saint Paul;109.80;0.00;0.00;103.60;6.20;0.00;0.00;103.60;109.80
07/01/2021;We Love Pizza Gembloux;42.30;0.00;0.00;39.91;2.39;0.00;0.00;39.91;42.30
07/01/2021;[Sélection];152.10;0.00;0.00;143.51;8.59;0.00;0.00;143.51;152.10
08/01/2021;We Love Pizza 2 - Haine Saint Paul;93.90;0.00;0.00;88.59;5.31;0.00;0.00;88.59;93.90
08/01/2021;We Love Pizza Gembloux;198.70;0.00;0.00;187.49;11.21;0.00;0.00;187.49;198.70
08/01/2021;[Sélection];292.60;0.00;0.00;276.08;16.52;0.00;0.00;276.08;292.60
09/01/2021;We Love Pizza 2 - Haine Saint Paul;189.20;0.00;0.00;170.95;10.25;7.27;0.73;178.22;189.20
09/01/2021;We Love Pizza Gembloux;87.70;0.00;0.00;82.75;4.95;0.00;0.00;82.75;87.70
09/01/2021;[Sélection];276.90;0.00;0.00;253.70;15.20;7.27;0.73;260.97;276.90
10/01/2021;We Love Pizza 2 - Haine Saint Paul;158.60;0.00;0.00;149.62;8.98;0.00;0.00;149.62;158.60
10/01/2021;We Love Pizza Gembloux;35.10;0.00;0.00;33.12;1.98;0.00;0.00;33.12;35.10
10/01/2021;[Sélection];193.70;0.00;0.00;182.74;10.96;0.00;0.00;182.74;193.70
11/01/2021;We Love Pizza 2 - Haine Saint Paul;125.00;0.00;0.00;117.94;7.06;0.00;0.00;117.94;125.00
11/01/2021;We Love Pizza Gembloux;49.00;0.00;0.00;46.24;2.76;0.00;0.00;46.24;49.00
11/01/2021;[Sélection];174.00;0.00;0.00;164.18;9.82;0.00;0.00;164.18;174.00
12/01/2021;We Love Pizza 2 - Haine Saint Paul;82.00;0.00;0.00;77.37;4.63;0.00;0.00;77.37;82.00
12/01/2021;We Love Pizza Gembloux;100.90;0.00;0.00;95.20;5.70;0.00;0.00;95.20;100.90
12/01/2021;[Sélection];182.90;0.00;0.00;172.57;10.33;0.00;0.00;172.57;182.90
13/01/2021;We Love Pizza 2 - Haine Saint Paul;167.60;0.00;0.00;158.12;9.48;0.00;0.00;158.12;167.60
13/01/2021;We Love Pizza Gembloux;78.00;0.00;0.00;73.59;4.41;0.00;0.00;73.59;78.00
13/01/2021;[Sélection];245.60;0.00;0.00;231.71;13.89;0.00;0.00;231.71;245.60
14/01/2021;We Love Pizza 2 - Haine Saint Paul;20.90;0.00;0.00;19.72;1.18;0.00;0.00;19.72;20.90
14/01/2021;We Love Pizza Gembloux;74.70;0.00;0.00;70.49;4.21;0.00;0.00;70.49;74.70
14/01/2021;[Sélection];95.60;0.00;0.00;90.21;5.39;0.00;0.00;90.21;95.60
15/01/2021;We Love Pizza 2 - Haine Saint Paul;109.80;0.00;0.00;103.59;6.21;0.00;0.00;103.59;109.80
15/01/2021;We Love Pizza Gembloux;104.00;0.00;0.00;98.12;5.88;0.00;0.00;98.12;104.00
15/01/2021;[Sélection];213.80;0.00;0.00;201.71;12.09;0.00;0.00;201.71;213.80
16/01/2021;We Love Pizza 2 - Haine Saint Paul;49.60;0.00;0.00;46.80;2.80;0.00;0.00;46.80;49.60
16/01/2021;We Love Pizza Gembloux;91.20;0.00;0.00;86.04;5.16;0.00;0.00;86.04;91.20
16/01/2021;[Sélection];140.80;0.00;0.00;132.84;7.96;0.00;0.00;132.84;140.80
17/01/2021;We Love Pizza 2 - Haine Saint Paul;208.80;0.00;0.00;197.01;11.79;0.00;0.00;197.01;208.80
17/01/2021;We Love Pizza Gembloux;102.30;0.00;0.00;96.53;5.77;0.00;0.00;96.53;102.30
17/01/2021;[Sélection];311.10;0.00;0.00;293.54;17.56;0.00;0.00;293.54;311.10
18/01/2021;We Love Pizza 2 - Haine Saint Paul;102.40;0.00;0.00;96.62;5.78;0.00;0.00;96.62;102.40
18/01/2021;We Love Pizza Gembloux;102.25;0.00;0.00;96.48;5.77;0.00;0.00;96.48;102.25
18/01/2021;[Sélection];204.65;0.00;0.00;193.10;11.55;0.00;0.00;193.10;204.65
19/01/2021;We Love Pizza 2 - Haine Saint Paul;96.80;0.00;0.00;91.33;5.47;0.00;0.00;91.33;96.80
19/01/2021;We Love Pizza Gembloux;18.80;0.00;0.00;17.74;1.06;0.00;0.00;17.74;18.80
19/01/2021;[Sélection];115.60;0.00;0.00;109.07;6.53;0.00;0.00;109.07;115.60
20/01/2021;We Love Pizza 2 - Haine Saint Paul;56.20;0.00;0.00;53.02;3.18;0.00;0.00;53.02;56.20
20/01/2021;We Love Pizza Gembloux;81.70;0.00;0.00;77.08;4.62;0.00;0.00;77.08;81.70
20/01/2021;[Sélection];137.90;0.00;0.00;130.10;7.80;0.00;0.00;130.10;137.90
21/01/2021;We Love Pizza 2 - Haine Saint Paul;52.50;0.00;0.00;49.54;2.96;0.00;0.00;49.54;52.50
21/01/2021;We Love Pizza Gembloux;70.70;0.00;0.00;66.69;4.01;0.00;0.00;66.69;70.70
21/01/2021;[Sélection];123.20;0.00;0.00;116.23;6.97;0.00;0.00;116.23;123.20
22/01/2021;We Love Pizza 2 - Haine Saint Paul;115.80;0.00;0.00;109.27;6.53;0.00;0.00;109.27;115.80
22/01/2021;We Love Pizza Gembloux;31.50;0.00;0.00;29.72;1.78;0.00;0.00;29.72;31.50
22/01/2021;[Sélection];147.30;0.00;0.00;138.99;8.31;0.00;0.00;138.99;147.30
23/01/2021;We Love Pizza 2 - Haine Saint Paul;161.90;0.00;0.00;152.76;9.14;0.00;0.00;152.76;161.90
23/01/2021;We Love Pizza Gembloux;133.20;0.00;0.00;125.67;7.53;0.00;0.00;125.67;133.20
23/01/2021;[Sélection];295.10;0.00;0.00;278.43;16.67;0.00;0.00;278.43;295.10
24/01/2021;We Love Pizza 2 - Haine Saint Paul;73.60;0.00;0.00;69.45;4.15;0.00;0.00;69.45;73.60
24/01/2021;We Love Pizza Gembloux;52.70;0.00;0.00;49.73;2.97;0.00;0.00;49.73;52.70
24/01/2021;[Sélection];126.30;0.00;0.00;119.18;7.12;0.00;0.00;119.18;126.30
25/01/2021;We Love Pizza 2 - Haine Saint Paul;148.50;0.00;0.00;140.09;8.41;0.00;0.00;140.09;148.50
25/01/2021;We Love Pizza Gembloux;28.30;0.00;0.00;26.70;1.60;0.00;0.00;26.70;28.30
25/01/2021;[Sélection];176.80;0.00;0.00;166.79;10.01;0.00;0.00;166.79;176.80
26/01/2021;We Love Pizza 2 - Haine Saint Paul;89.30;0.00;0.00;84.26;5.04;0.00;0.00;84.26;89.30
26/01/2021;We Love Pizza Gembloux;31.90;0.00;0.00;30.10;1.80;0.00;0.00;30.10;31.90
26/01/2021;[Sélection];121.20;0.00;0.00;114.36;6.84;0.00;0.00;114.36;121.20
27/01/2021;We Love Pizza 2 - Haine Saint Paul;108.70;0.00;0.00;102.56;6.14;0.00;0.00;102.56;108.70
27/01/2021;We Love Pizza Gembloux;79.50;0.00;0.00;75.00;4.50;0.00;0.00;75.00;79.50
27/01/2021;[Sélection];188.20;0.00;0.00;177.56;10.64;0.00;0.00;177.56;188.20
28/01/2021;We Love Pizza 2 - Haine Saint Paul;118.10;0.00;0.00;111.44;6.66;0.00;0.00;111.44;118.10
28/01/2021;We Love Pizza Gembloux;34.05;0.00;0.00;32.13;1.92;0.00;0.00;32.13;34.05
28/01/2021;[Sélection];152.15;0.00;0.00;143.57;8.58;0.00;0.00;143.57;152.15
29/01/2021;We Love Pizza 2 - Haine Saint Paul;181.90;0.00;0.00;171.61;10.29;0.00;0.00;171.61;181.90
29/01/2021;We Love Pizza Gembloux;44.90;0.00;0.00;42.36;2.54;0.00;0.00;42.36;44.90
29/01/2021;[Sélection];226.80;0.00;0.00;213.97;12.83;0.00;0.00;213.97;226.80
30/01/2021;We Love Pizza 2 - Haine Saint Paul;81.60;0.00;0.00;76.97;4.63;0.00;0.00;76.97;81.60
30/01/2021;We Love Pizza Gembloux;95.10;0.00;0.00;89.71;5.39;0.00;0.00;89.71;95.10
30/01/2021;[Sélection];176.70;0.00;0.00;166.68;10.02;0.00;0.00;166.68;176.70
31/01/2021;We Love Pizza 2 - Haine Saint Paul;30.30;0.00;0.00;28.59;1.71;0.00;0.00;28.59;30.30
31/01/2021;We Love Pizza Gembloux;56.20;0.00;0.00;53.02;3.18;0.00;0.00;53.02;56.20
31/01/2021;[Sélection];86.50;0.00;0.00;81.61;4.89;0.00;0.00;81.61;86.50
01/02/2021;We Love Pizza 2 - Haine Saint Paul;44.70;0.00;0.00;42.18;2.52;0.00;0.00;42.18;44.70
01/02/2021;We Love Pizza Gembloux;74.00;0.00;0.00;69.82;4.18;0.00;0.00;69.82;74.00
01/02/2021;[Sélection];118.70;0.00;0.00;112.00;6.70;0.00;0.00;112.00;118.70
02/02/2021;We Love Pizza 2 - Haine Saint Paul;78.80;0.00;0.00;74.36;4.44;0.00;0.00;74.36;78.80
02/02/2021;We Love Pizza Gembloux;49.70;0.00;0.00;46.90;2.80;0.00;0.00;46.90;49.70
02/02/2021;[Sélection];128.50;0.00;0.00;121.26;7.24;0.00;0.00;121.26;128.50
03/02/2021;We Love Pizza 2 - Haine Saint Paul;38.20;0.00;0.00;36.04;2.16;0.00;0.00;36.04;38.20
03/02/2021;We Love Pizza Gembloux;57.50;0.00;0.00;54.25;3.25;0.00;0.00;54.25;57.50
03/02/2021;[Sélection];95.70;0.00;0.00;90.29;5.41;0.00;0.00;90.29;95.70
04/02/2021;We Love Pizza 2 - Haine Saint Paul;90.00;0.00;0.00;84.92;5.08;0.00;0.00;84.92;90.00
04/02/2021;We Love Pizza Gembloux;86.50;0.00;0.00;81.62;4.88;0.00;0.00;81.62;86.50
04/02/2021;[Sélection];176.50;0.00;0.00;166.54;9.96;0.00;0.00;166.54;176.50
05/02/2021;We Love Pizza 2 - Haine Saint Paul;175.40;0.00;0.00;165.49;9.91;0.00;0.00;165.49;175.40
05/02/2021;We Love Pizza Gembloux;48.00;0.00;0.00;45.29;2.71;0.00;0.00;45.29;48.00
05/02/2021;[Sélection];223.40;0.00;0.00;210.78;12.62;0.00;0.00;210.78;223.40
06/02/2021;We Love Pizza 2 - Haine Saint Paul;84.40;0.00;0.00;79.63;4.77;0.00;0.00;79.63;84.40
06/02/2021;We Love Pizza Gembloux;96.00;0.00;0.00;90.57;5.43;0.00;0.00;90.57;96.00
06/02/2021;[Sélection];180.40;0.00;0.00;170.20;10.20;0.00;0.00;170.20;180.40
07/02/2021;We Love Pizza 2 - Haine Saint Paul;40.00;0.00;0.00;37.73;2.27;0.00;0.00;37.73;40.00
07/02/2021;We Love Pizza Gembloux;95.30;0.00;0.00;89.91;5.39;0.00;0.00;89.91;95.30
07/02/2021;[Sélection];135.30;0.00;0.00;127.64;7.66;0.00;0.00;127.64;135.30
08/02/2021;We Love Pizza 2 - Haine Saint Paul;47.70;0.00;0.00;45.00;2.70;0.00;0.00;45.00;47.70
08/02/2021;We Love Pizza Gembloux;42.75;0.00;0.00;40.33;2.42;0.00;0.00;40.33;42.75
08/02/2021;[Sélection];90.45;0.00;0.00;85.33;5.12;0.00;0.00;85.33;90.45
09/02/2021;We Love Pizza 2 - Haine Saint Paul;64.70;0.00;0.00;61.04;3.66;0.00;0.00;61.04;64.70
09/02/2021;We Love Pizza Gembloux;36.10;0.00;0.00;34.06;2.04;0.00;0.00;34.06;36.10
09/02/2021;[Sélection];100.80;0.00;0.00;95.10;5.70;0.00;0.00;95.10;100.80
10/02/2021;We Love Pizza 2 - Haine Saint Paul;30.70;1.90;0.10;27.08;1.62;0.00;0.00;28.98;30.70
10/02/2021;We Love Pizza Gembloux;77.60;0.00;0.00;73.21;4.39;0.00;0.00;73.21;77.60
10/02/2021;[Sélection];108.30;1.90;0.10;100.29;6.01;0.00;0.00;102.19;108.30
11/02/2021;We Love Pizza 2 - Haine Saint Paul;112.20;0.00;0.00;105.87;6.33;0.00;0.00;105.87;112.20
11/02/2021;We Love Pizza Gembloux;68.00;0.00;0.00;64.15;3.85;0.00;0.00;64.15;68.00
11/02/2021;[Sélection];180.20;0.00;0.00;170.02;10.18;0.00;0.00;170.02;180.20
12/02/2021;We Love Pizza 2 - Haine Saint Paul;134.75;0.00;0.00;112.00;6.70;0.00;0.00;112.00;134.75
12/02/2021;We Love Pizza Gembloux;56.85;0.00;0.00;53.63;3.22;0.00;0.00;53.63;56.85
12/02/2021;[Sélection];191.60;0.00;0.00;165.63;9.92;0.00;0.00;165.63;191.60
13/02/2021;We Love Pizza 2 - Haine Saint Paul;88.95;0.00;0.00;83.91;5.04;0.00;0.00;83.91;88.95
13/02/2021;We Love Pizza Gembloux;77.60;0.00;0.00;60.47;3.63;0.00;0.00;60.47;77.60
13/02/2021;[Sélection];166.55;0.00;0.00;144.38;8.67;0.00;0.00;144.38;166.55
14/02/2021;We Love Pizza 2 - Haine Saint Paul;73.25;0.00;0.00;69.12;4.13;0.00;0.00;69.12;73.25
14/02/2021;We Love Pizza Gembloux;84.90;0.00;0.00;80.10;4.80;0.00;0.00;80.10;84.90
14/02/2021;[Sélection];158.15;0.00;0.00;149.22;8.93;0.00;0.00;149.22;158.15
15/02/2021;We Love Pizza 2 - Haine Saint Paul;32.00;0.00;0.00;30.20;1.80;0.00;0.00;30.20;32.00
15/02/2021;We Love Pizza Gembloux;38.00;0.00;0.00;35.84;2.16;0.00;0.00;35.84;38.00
15/02/2021;[Sélection];70.00;0.00;0.00;66.04;3.96;0.00;0.00;66.04;70.00
16/02/2021;We Love Pizza 2 - Haine Saint Paul;67.10;0.00;0.00;63.31;3.79;0.00;0.00;63.31;67.10
16/02/2021;We Love Pizza Gembloux;55.10;0.00;0.00;51.97;3.13;0.00;0.00;51.97;55.10
16/02/2021;[Sélection];122.20;0.00;0.00;115.28;6.92;0.00;0.00;115.28;122.20
17/02/2021;We Love Pizza 2 - Haine Saint Paul;150.70;0.00;0.00;142.20;8.50;0.00;0.00;142.20;150.70
17/02/2021;We Love Pizza Gembloux;53.20;0.00;0.00;50.19;3.01;0.00;0.00;50.19;53.20
17/02/2021;[Sélection];203.90;0.00;0.00;192.39;11.51;0.00;0.00;192.39;203.90
18/02/2021;We Love Pizza 2 - Haine Saint Paul;58.75;0.00;0.00;47.89;2.86;7.27;0.73;55.16;58.75
18/02/2021;We Love Pizza Gembloux;64.00;0.00;0.00;60.38;3.62;0.00;0.00;60.38;64.00
18/02/2021;[Sélection];122.75;0.00;0.00;108.27;6.48;7.27;0.73;115.54;122.75
19/02/2021;We Love Pizza 2 - Haine Saint Paul;71.50;0.00;0.00;67.47;4.03;0.00;0.00;67.47;71.50
19/02/2021;We Love Pizza Gembloux;116.80;0.00;0.00;110.21;6.59;0.00;0.00;110.21;116.80
19/02/2021;[Sélection];188.30;0.00;0.00;177.68;10.62;0.00;0.00;177.68;188.30
20/02/2021;We Love Pizza 2 - Haine Saint Paul;102.60;0.00;0.00;96.79;5.81;0.00;0.00;96.79;102.60
20/02/2021;We Love Pizza Gembloux;71.90;0.00;0.00;67.85;4.05;0.00;0.00;67.85;71.90
20/02/2021;[Sélection];174.50;0.00;0.00;164.64;9.86;0.00;0.00;164.64;174.50
21/02/2021;We Love Pizza 2 - Haine Saint Paul;67.70;0.00;0.00;63.87;3.83;0.00;0.00;63.87;67.70
21/02/2021;We Love Pizza Gembloux;156.90;0.00;0.00;148.03;8.87;0.00;0.00;148.03;156.90
21/02/2021;[Sélection];224.60;0.00;0.00;211.90;12.70;0.00;0.00;211.90;224.60
22/02/2021;We Love Pizza 2 - Haine Saint Paul;29.00;0.00;0.00;27.36;1.64;0.00;0.00;27.36;29.00
22/02/2021;We Love Pizza Gembloux;17.60;0.00;0.00;16.61;0.99;0.00;0.00;16.61;17.60
22/02/2021;[Sélection];46.60;0.00;0.00;43.97;2.63;0.00;0.00;43.97;46.60
23/02/2021;We Love Pizza 2 - Haine Saint Paul;138.60;0.00;0.00;130.78;7.82;0.00;0.00;130.78;138.60
23/02/2021;We Love Pizza Gembloux;99.40;0.00;0.00;93.79;5.61;0.00;0.00;93.79;99.40
23/02/2021;[Sélection];238.00;0.00;0.00;224.57;13.43;0.00;0.00;224.57;238.00
24/02/2021;We Love Pizza 2 - Haine Saint Paul;98.90;0.00;0.00;93.32;5.58;0.00;0.00;93.32;98.90
24/02/2021;We Love Pizza Gembloux;9.60;0.00;0.00;9.06;0.54;0.00;0.00;9.06;9.60
24/02/2021;[Sélection];108.50;0.00;0.00;102.38;6.12;0.00;0.00;102.38;108.50
25/02/2021;We Love Pizza 2 - Haine Saint Paul;128.40;0.00;0.00;121.13;7.27;0.00;0.00;121.13;128.40
25/02/2021;We Love Pizza Gembloux;93.00;0.00;0.00;87.74;5.26;0.00;0.00;87.74;93.00
25/02/2021;[Sélection];221.40;0.00;0.00;208.87;12.53;0.00;0.00;208.87;221.40
26/02/2021;We Love Pizza 2 - Haine Saint Paul;36.10;0.00;0.00;34.05;2.05;0.00;0.00;34.05;36.10
26/02/2021;We Love Pizza Gembloux;152.45;0.00;0.00;143.83;8.62;0.00;0.00;143.83;152.45
26/02/2021;[Sélection];188.55;0.00;0.00;177.88;10.67;0.00;0.00;177.88;188.55
27/02/2021;We Love Pizza 2 - Haine Saint Paul;58.90;0.00;0.00;55.56;3.34;0.00;0.00;55.56;58.90
27/02/2021;We Love Pizza Gembloux;106.00;0.00;0.00;100.01;5.99;0.00;0.00;100.01;106.00
27/02/2021;[Sélection];164.90;0.00;0.00;155.57;9.33;0.00;0.00;155.57;164.90
28/02/2021;We Love Pizza 2 - Haine Saint Paul;71.30;0.00;0.00;67.27;4.03;0.00;0.00;67.27;71.30
28/02/2021;We Love Pizza Gembloux;96.60;0.00;0.00;91.13;5.47;0.00;0.00;91.13;96.60
28/02/2021;[Sélection];167.90;0.00;0.00;158.40;9.50;0.00;0.00;158.40;167.90
01/03/2021;We Love Pizza 2 - Haine Saint Paul;89.80;0.00;0.00;84.73;5.07;0.00;0.00;84.73;89.80
01/03/2021;We Love Pizza Gembloux;70.20;0.00;0.00;66.24;3.96;0.00;0.00;66.24;70.20
01/03/2021;[Sélection];160.00;0.00;0.00;150.97;9.03;0.00;0.00;150.97;160.00
02/03/2021;We Love Pizza 2 - Haine Saint Paul;100.10;0.00;0.00;94.44;5.66;0.00;0.00;94.44;100.10
02/03/2021;We Love Pizza Gembloux;47.60;0.00;0.00;44.92;2.68;0.00;0.00;44.92;47.60
02/03/2021;[Sélection];147.70;0.00;0.00;139.36;8.34;0.00;0.00;139.36;147.70
03/03/2021;We Love Pizza 2 - Haine Saint Paul;59.80;0.00;0.00;56.42;3.38;0.00;0.00;56.42;59.80
03/03/2021;We Love Pizza Gembloux;72.35;0.00;0.00;68.27;4.08;0.00;0.00;68.27;72.35
03/03/2021;[Sélection];132.15;0.00;0.00;124.69;7.46;0.00;0.00;124.69;132.15
04/03/2021;We Love Pizza 2 - Haine Saint Paul;107.25;0.00;0.00;101.17;6.08;0.00;0.00;101.17;107.25
04/03/2021;We Love Pizza Gembloux;19.30;0.00;0.00;18.21;1.09;0.00;0.00;18.21;19.30
04/03/2021;[Sélection];126.55;0.00;0.00;119.38;7.17;0.00;0.00;119.38;126.55
05/03/2021;We Love Pizza 2 - Haine Saint Paul;92.00;0.00;0.00;86.81;5.19;0.00;0.00;86.81;92.00
05/03/2021;We Love Pizza Gembloux;144.25;0.00;0.00;136.12;8.13;0.00;0.00;136.12;144.25
05/03/2021;[Sélection];236.25;0.00;0.00;222.93;13.32;0.00;0.00;222.93;236.25
06/03/2021;We Love Pizza 2 - Haine Saint Paul;82.70;0.00;0.00;78.01;4.69;0.00;0.00;78.01;82.70
06/03/2021;We Love Pizza Gembloux;123.65;0.00;0.00;116.67;6.98;0.00;0.00;116.67;123.65
06/03/2021;[Sélection];206.35;0.00;0.00;194.68;11.67;0.00;0.00;194.68;206.35
07/03/2021;We Love Pizza 2 - Haine Saint Paul;147.35;0.00;0.00;139.02;8.33;0.00;0.00;139.02;147.35
07/03/2021;We Love Pizza Gembloux;115.50;0.00;0.00;108.97;6.53;0.00;0.00;108.97;115.50
07/03/2021;[Sélection];262.85;0.00;0.00;247.99;14.86;0.00;0.00;247.99;262.85
08/03/2021;We Love Pizza 2 - Haine Saint Paul;165.80;0.00;0.00;156.43;9.37;0.00;0.00;156.43;165.80
08/03/2021;We Love Pizza Gembloux;66.10;0.00;0.00;62.37;3.73;0.00;0.00;62.37;66.10
08/03/2021;[Sélection];231.90;0.00;0.00;218.80;13.10;0.00;0.00;218.80;231.90
09/03/2021;We Love Pizza 2 - Haine Saint Paul;87.65;0.00;0.00;82.70;4.95;0.00;0.00;82.70;87.65
09/03/2021;We Love Pizza Gembloux;49.65;0.00;0.00;46.85;2.80;0.00;0.00;46.85;49.65
09/03/2021;[Sélection];137.30;0.00;0.00;129.55;7.75;0.00;0.00;129.55;137.30
10/03/2021;We Love Pizza 2 - Haine Saint Paul;96.35;0.00;0.00;90.91;5.44;0.00;0.00;90.91;96.35
10/03/2021;We Love Pizza Gembloux;81.60;0.00;0.00;76.98;4.62;0.00;0.00;76.98;81.60
10/03/2021;[Sélection];177.95;0.00;0.00;167.89;10.06;0.00;0.00;167.89;177.95
11/03/2021;We Love Pizza 2 - Haine Saint Paul;80.60;0.00;0.00;76.04;4.56;0.00;0.00;76.04;80.60
11/03/2021;We Love Pizza Gembloux;25.00;0.00;0.00;23.59;1.41;0.00;0.00;23.59;25.00
11/03/2021;[Sélection];105.60;0.00;0.00;99.63;5.97;0.00;0.00;99.63;105.60
12/03/2021;We Love Pizza 2 - Haine Saint Paul;209.25;0.00;0.00;197.43;11.82;0.00;0.00;197.43;209.25
12/03/2021;We Love Pizza Gembloux;151.50;0.00;0.00;142.93;8.57;0.00;0.00;142.93;151.50
12/03/2021;[Sélection];360.75;0.00;0.00;340.36;20.39;0.00;0.00;340.36;360.75
13/03/2021;We Love Pizza 2 - Haine Saint Paul;138.05;0.00;0.00;130.27;7.78;0.00;0.00;130.27;138.05
13/03/2021;We Love Pizza Gembloux;80.90;0.00;0.00;76.34;4.56;0.00;0.00;76.34;80.90
13/03/2021;[Sélection];218.95;0.00;0.00;206.61;12.34;0.00;0.00;206.61;218.95
14/03/2021;We Love Pizza 2 - Haine Saint Paul;137.15;0.00;0.00;129.42;7.73;0.00;0.00;129.42;137.15
14/03/2021;We Love Pizza Gembloux;45.30;0.00;0.00;42.74;2.56;0.00;0.00;42.74;45.30
14/03/2021;[Sélection];182.45;0.00;0.00;172.16;10.29;0.00;0.00;172.16;182.45
15/03/2021;We Love Pizza 2 - Haine Saint Paul;103.70;0.00;0.00;97.85;5.85;0.00;0.00;97.85;103.70
15/03/2021;We Love Pizza Gembloux;61.10;0.00;0.00;57.64;3.46;0.00;0.00;57.64;61.10
15/03/2021;[Sélection];164.80;0.00;0.00;155.49;9.31;0.00;0.00;155.49;164.80
16/03/2021;We Love Pizza 2 - Haine Saint Paul;58.80;0.00;0.00;55.47;3.33;0.00;0.00;55.47;58.80
16/03/2021;We Love Pizza Gembloux;85.50;0.00;0.00;80.65;4.85;0.00;0.00;80.65;85.50
16/03/2021;[Sélection];144.30;0.00;0.00;136.12;8.18;0.00;0.00;136.12;144.30
17/03/2021;We Love Pizza 2 - Haine Saint Paul;72.10;0.00;0.00;68.02;4.08;0.00;0.00;68.02;72.10
17/03/2021;We Love Pizza Gembloux;110.25;0.00;0.00;104.03;6.22;0.00;0.00;104.03;110.25
17/03/2021;[Sélection];182.35;0.00;0.00;172.05;10.30;0.00;0.00;172.05;182.35
18/03/2021;We Love Pizza 2 - Haine Saint Paul;56.40;0.00;0.00;53.20;3.20;0.00;0.00;53.20;56.40
18/03/2021;We Love Pizza Gembloux;109.30;0.00;0.00;103.11;6.19;0.00;0.00;103.11;109.30
18/03/2021;[Sélection];165.70;0.00;0.00;156.31;9.39;0.00;0.00;156.31;165.70
19/03/2021;We Love Pizza 2 - Haine Saint Paul;74.30;0.00;0.00;70.11;4.19;0.00;0.00;70.11;74.30
19/03/2021;We Love Pizza Gembloux;80.70;0.00;0.00;76.15;4.55;0.00;0.00;76.15;80.70
19/03/2021;[Sélection];155.00;0.00;0.00;146.26;8.74;0.00;0.00;146.26;155.00
20/03/2021;We Love Pizza 2 - Haine Saint Paul;97.55;0.00;0.00;92.04;5.51;0.00;0.00;92.04;97.55
20/03/2021;We Love Pizza Gembloux;181.00;0.00;0.00;170.78;10.22;0.00;0.00;170.78;181.00
20/03/2021;[Sélection];278.55;0.00;0.00;262.82;15.73;0.00;0.00;262.82;278.55
21/03/2021;We Love Pizza 2 - Haine Saint Paul;161.30;0.00;0.00;152.18;9.12;0.00;0.00;152.18;161.30
21/03/2021;We Love Pizza Gembloux;120.60;0.00;0.00;113.79;6.81;0.00;0.00;113.79;120.60
21/03/2021;[Sélection];281.90;0.00;0.00;265.97;15.93;0.00;0.00;265.97;281.90
22/03/2021;We Love Pizza 2 - Haine Saint Paul;92.60;0.00;0.00;87.38;5.22;0.00;0.00;87.38;92.60
22/03/2021;We Love Pizza Gembloux;18.60;0.00;0.00;17.54;1.06;0.00;0.00;17.54;18.60
22/03/2021;[Sélection];111.20;0.00;0.00;104.92;6.28;0.00;0.00;104.92;111.20
23/03/2021;We Love Pizza 2 - Haine Saint Paul;71.90;0.00;0.00;67.84;4.06;0.00;0.00;67.84;71.90
23/03/2021;We Love Pizza Gembloux;77.65;0.00;0.00;73.27;4.38;0.00;0.00;73.27;77.65
23/03/2021;[Sélection];149.55;0.00;0.00;141.11;8.44;0.00;0.00;141.11;149.55
24/03/2021;We Love Pizza 2 - Haine Saint Paul;50.00;0.00;0.00;47.17;2.83;0.00;0.00;47.17;50.00
24/03/2021;We Love Pizza Gembloux;78.25;0.00;0.00;73.83;4.42;0.00;0.00;73.83;78.25
24/03/2021;[Sélection];128.25;0.00;0.00;121.00;7.25;0.00;0.00;121.00;128.25
25/03/2021;We Love Pizza 2 - Haine Saint Paul;44.40;0.00;0.00;41.89;2.51;0.00;0.00;41.89;44.40
25/03/2021;We Love Pizza Gembloux;9.50;0.00;0.00;8.96;0.54;0.00;0.00;8.96;9.50
25/03/2021;[Sélection];53.90;0.00;0.00;50.85;3.05;0.00;0.00;50.85;53.90
26/03/2021;We Love Pizza 2 - Haine Saint Paul;202.70;0.00;0.00;191.24;11.46;0.00;0.00;191.24;202.70
26/03/2021;We Love Pizza Gembloux;187.70;0.00;0.00;177.10;10.60;0.00;0.00;177.10;187.70
26/03/2021;[Sélection];390.40;0.00;0.00;368.34;22.06;0.00;0.00;368.34;390.40
27/03/2021;We Love Pizza 2 - Haine Saint Paul;137.90;0.00;0.00;130.11;7.79;0.00;0.00;130.11;137.90
27/03/2021;We Love Pizza Gembloux;365.30;0.00;0.00;344.70;20.60;0.00;0.00;344.70;365.30
27/03/2021;[Sélection];503.20;0.00;0.00;474.81;28.39;0.00;0.00;474.81;503.20
28/03/2021;We Love Pizza 2 - Haine Saint Paul;75.90;0.00;0.00;71.62;4.28;0.00;0.00;71.62;75.90
28/03/2021;We Love Pizza Gembloux;354.60;0.00;0.00;334.56;20.04;0.00;0.00;334.56;354.60
28/03/2021;[Sélection];430.50;0.00;0.00;406.18;24.32;0.00;0.00;406.18;430.50
29/03/2021;We Love Pizza 2 - Haine Saint Paul;140.55;0.00;0.00;132.62;7.93;0.00;0.00;132.62;140.55
29/03/2021;We Love Pizza Gembloux;63.50;0.00;0.00;59.92;3.58;0.00;0.00;59.92;63.50
29/03/2021;[Sélection];204.05;0.00;0.00;192.54;11.51;0.00;0.00;192.54;204.05
30/03/2021;We Love Pizza 2 - Haine Saint Paul;181.00;0.00;0.00;170.78;10.22;0.00;0.00;170.78;181.00
30/03/2021;We Love Pizza Gembloux;97.00;0.00;0.00;91.53;5.47;0.00;0.00;91.53;97.00
30/03/2021;[Sélection];278.00;0.00;0.00;262.31;15.69;0.00;0.00;262.31;278.00
31/03/2021;We Love Pizza 2 - Haine Saint Paul;130.60;0.00;0.00;123.24;7.36;0.00;0.00;123.24;130.60
31/03/2021;We Love Pizza Gembloux;81.00;0.00;0.00;76.43;4.57;0.00;0.00;76.43;81.00
31/03/2021;[Sélection];211.60;0.00;0.00;199.67;11.93;0.00;0.00;199.67;211.60
01/04/2021;We Love Pizza 2 - Haine Saint Paul;124.80;0.00;0.00;117.75;7.05;0.00;0.00;117.75;124.80
01/04/2021;We Love Pizza Gembloux;111.20;0.00;0.00;104.92;6.28;0.00;0.00;104.92;111.20
01/04/2021;[Sélection];236.00;0.00;0.00;222.67;13.33;0.00;0.00;222.67;236.00
02/04/2021;We Love Pizza 2 - Haine Saint Paul;90.20;0.00;0.00;85.10;5.10;0.00;0.00;85.10;90.20
02/04/2021;We Love Pizza Gembloux;84.30;0.00;0.00;79.53;4.77;0.00;0.00;79.53;84.30
02/04/2021;[Sélection];174.50;0.00;0.00;164.63;9.87;0.00;0.00;164.63;174.50
03/04/2021;We Love Pizza 2 - Haine Saint Paul;94.20;0.00;0.00;88.89;5.31;0.00;0.00;88.89;94.20
03/04/2021;We Love Pizza Gembloux;118.05;0.00;0.00;111.38;6.67;0.00;0.00;111.38;118.05
03/04/2021;[Sélection];212.25;0.00;0.00;200.27;11.98;0.00;0.00;200.27;212.25
04/04/2021;We Love Pizza 2 - Haine Saint Paul;121.30;0.00;0.00;114.47;6.83;0.00;0.00;114.47;121.30
04/04/2021;We Love Pizza Gembloux;72.50;0.00;0.00;68.41;4.09;0.00;0.00;68.41;72.50
04/04/2021;[Sélection];193.80;0.00;0.00;182.88;10.92;0.00;0.00;182.88;193.80
05/04/2021;We Love Pizza 2 - Haine Saint Paul;122.95;0.00;0.00;116.01;6.94;0.00;0.00;116.01;122.95
05/04/2021;We Love Pizza Gembloux;156.00;0.00;0.00;147.19;8.81;0.00;0.00;147.19;156.00
05/04/2021;[Sélection];278.95;0.00;0.00;263.20;15.75;0.00;0.00;263.20;278.95
06/04/2021;We Love Pizza 2 - Haine Saint Paul;91.05;0.00;0.00;85.90;5.15;0.00;0.00;85.90;91.05
06/04/2021;We Love Pizza Gembloux;41.80;0.00;0.00;39.43;2.37;0.00;0.00;39.43;41.80
06/04/2021;[Sélection];132.85;0.00;0.00;125.33;7.52;0.00;0.00;125.33;132.85
07/04/2021;We Love Pizza 2 - Haine Saint Paul;198.30;0.00;0.00;187.09;11.21;0.00;0.00;187.09;198.30
07/04/2021;We Love Pizza Gembloux;109.30;0.00;0.00;103.12;6.18;0.00;0.00;103.12;109.30
07/04/2021;[Sélection];307.60;0.00;0.00;290.21;17.39;0.00;0.00;290.21;307.60
08/04/2021;We Love Pizza 2 - Haine Saint Paul;173.30;0.00;0.00;163.49;9.81;0.00;0.00;163.49;173.30
08/04/2021;We Love Pizza Gembloux;53.40;0.00;0.00;50.38;3.02;0.00;0.00;50.38;53.40
08/04/2021;[Sélection];226.70;0.00;0.00;213.87;12.83;0.00;0.00;213.87;226.70
09/04/2021;We Love Pizza 2 - Haine Saint Paul;55.60;0.00;0.00;52.47;3.13;0.00;0.00;52.47;55.60
09/04/2021;We Love Pizza Gembloux;122.90;0.00;0.00;115.96;6.94;0.00;0.00;115.96;122.90
09/04/2021;[Sélection];178.50;0.00;0.00;168.43;10.07;0.00;0.00;168.43;178.50
10/04/2021;We Love Pizza 2 - Haine Saint Paul;213.00;0.00;0.00;200.96;12.04;0.00;0.00;200.96;213.00
10/04/2021;We Love Pizza Gembloux;54.30;0.00;0.00;51.24;3.06;0.00;0.00;51.24;54.30
10/04/2021;[Sélection];267.30;0.00;0.00;252.20;15.10;0.00;0.00;252.20;267.30
11/04/2021;We Love Pizza 2 - Haine Saint Paul;78.00;0.00;0.00;73.60;4.40;0.00;0.00;73.60;78.00
11/04/2021;We Love Pizza Gembloux;36.30;0.00;0.00;34.25;2.05;0.00;0.00;34.25;36.30
11/04/2021;[Sélection];114.30;0.00;0.00;107.85;6.45;0.00;0.00;107.85;114.30
12/04/2021;We Love Pizza 2 - Haine Saint Paul;87.10;0.00;0.00;82.17;4.93;0.00;0.00;82.17;87.10
12/04/2021;We Love Pizza Gembloux;51.00;0.00;0.00;48.11;2.89;0.00;0.00;48.11;51.00
12/04/2021;[Sélection];138.10;0.00;0.00;130.28;7.82;0.00;0.00;130.28;138.10
13/04/2021;We Love Pizza 2 - Haine Saint Paul;99.10;0.00;0.00;93.51;5.59;0.00;0.00;93.51;99.10
13/04/2021;We Love Pizza Gembloux;83.55;0.00;0.00;78.83;4.72;0.00;0.00;78.83;83.55
13/04/2021;[Sélection];182.65;0.00;0.00;172.34;10.31;0.00;0.00;172.34;182.65
14/04/2021;We Love Pizza 2 - Haine Saint Paul;115.60;0.00;0.00;109.07;6.53;0.00;0.00;109.07;115.60
14/04/2021;We Love Pizza Gembloux;127.10;0.00;0.00;119.91;7.19;0.00;0.00;119.91;127.10
14/04/2021;[Sélection];242.70;0.00;0.00;228.98;13.72;0.00;0.00;228.98;242.70
15/04/2021;We Love Pizza 2 - Haine Saint Paul;102.30;0.00;0.00;96.52;5.78;0.00;0.00;96.52;102.30
15/04/2021;We Love Pizza Gembloux;63.90;0.00;0.00;60.28;3.62;0.00;0.00;60.28;63.90
15/04/2021;[Sélection];166.20;0.00;0.00;156.80;9.40;0.00;0.00;156.80;166.20
16/04/2021;We Love Pizza 2 - Haine Saint Paul;135.90;0.00;0.00;128.21;7.69;0.00;0.00;128.21;135.90
16/04/2021;We Love Pizza Gembloux;209.10;0.00;0.00;197.27;11.83;0.00;0.00;197.27;209.10
16/04/2021;[Sélection];345.00;0.00;0.00;325.48;19.52;0.00;0.00;325.48;345.00
17/04/2021;We Love Pizza 2 - Haine Saint Paul;107.40;0.00;0.00;101.33;6.07;0.00;0.00;101.33;107.40
17/04/2021;We Love Pizza Gembloux;201.90;0.00;0.00;190.50;11.40;0.00;0.00;190.50;201.90
17/04/2021;[Sélection];309.30;0.00;0.00;291.83;17.47;0.00;0.00;291.83;309.30
18/04/2021;We Love Pizza 2 - Haine Saint Paul;86.30;0.00;0.00;81.44;4.86;0.00;0.00;81.44;86.30
18/04/2021;We Love Pizza Gembloux;459.10;0.00;0.00;433.20;25.90;0.00;0.00;433.20;459.10
18/04/2021;[Sélection];545.40;0.00;0.00;514.64;30.76;0.00;0.00;514.64;545.40
19/04/2021;We Love Pizza 2 - Haine Saint Paul;38.20;0.00;0.00;36.04;2.16;0.00;0.00;36.04;38.20
19/04/2021;We Love Pizza Gembloux;60.30;0.00;0.00;56.90;3.40;0.00;0.00;56.90;60.30
19/04/2021;[Sélection];98.50;0.00;0.00;92.94;5.56;0.00;0.00;92.94;98.50
20/04/2021;We Love Pizza 2 - Haine Saint Paul;142.60;0.00;0.00;134.56;8.04;0.00;0.00;134.56;142.60
20/04/2021;We Love Pizza Gembloux;180.20;0.00;0.00;170.02;10.18;0.00;0.00;170.02;180.20
20/04/2021;[Sélection];322.80;0.00;0.00;304.58;18.22;0.00;0.00;304.58;322.80
21/04/2021;We Love Pizza 2 - Haine Saint Paul;172.35;0.00;0.00;162.63;9.72;0.00;0.00;162.63;172.35
21/04/2021;We Love Pizza Gembloux;71.00;0.00;0.00;66.98;4.02;0.00;0.00;66.98;71.00
21/04/2021;[Sélection];243.35;0.00;0.00;229.61;13.74;0.00;0.00;229.61;243.35
22/04/2021;We Love Pizza 2 - Haine Saint Paul;155.20;0.00;0.00;146.44;8.76;0.00;0.00;146.44;155.20
22/04/2021;We Love Pizza Gembloux;133.50;0.00;0.00;125.95;7.55;0.00;0.00;125.95;133.50
22/04/2021;[Sélection];288.70;0.00;0.00;272.39;16.31;0.00;0.00;272.39;288.70
23/04/2021;We Love Pizza 2 - Haine Saint Paul;124.90;0.00;0.00;117.83;7.07;0.00;0.00;117.83;124.90
23/04/2021;We Love Pizza Gembloux;156.35;0.00;0.00;147.51;8.84;0.00;0.00;147.51;156.35
23/04/2021;[Sélection];281.25;0.00;0.00;265.34;15.91;0.00;0.00;265.34;281.25
24/04/2021;We Love Pizza 2 - Haine Saint Paul;79.20;0.00;0.00;74.74;4.46;0.00;0.00;74.74;79.20
24/04/2021;We Love Pizza Gembloux;53.70;0.00;0.00;50.67;3.03;0.00;0.00;50.67;53.70
24/04/2021;[Sélection];132.90;0.00;0.00;125.41;7.49;0.00;0.00;125.41;132.90
25/04/2021;We Love Pizza 2 - Haine Saint Paul;41.50;0.00;0.00;39.16;2.34;0.00;0.00;39.16;41.50
25/04/2021;We Love Pizza Gembloux;94.90;0.00;0.00;89.55;5.35;0.00;0.00;89.55;94.90
25/04/2021;[Sélection];136.40;0.00;0.00;128.71;7.69;0.00;0.00;128.71;136.40
26/04/2021;We Love Pizza 2 - Haine Saint Paul;54.10;0.00;0.00;51.05;3.05;0.00;0.00;51.05;54.10
26/04/2021;We Love Pizza Gembloux;28.50;0.00;0.00;26.89;1.61;0.00;0.00;26.89;28.50
26/04/2021;[Sélection];82.60;0.00;0.00;77.94;4.66;0.00;0.00;77.94;82.60
27/04/2021;We Love Pizza 2 - Haine Saint Paul;141.40;0.00;0.00;133.42;7.98;0.00;0.00;133.42;141.40
27/04/2021;We Love Pizza Gembloux;63.00;0.00;0.00;59.43;3.57;0.00;0.00;59.43;63.00
27/04/2021;[Sélection];204.40;0.00;0.00;192.85;11.55;0.00;0.00;192.85;204.40
28/04/2021;We Love Pizza 2 - Haine Saint Paul;59.20;0.00;0.00;55.85;3.35;0.00;0.00;55.85;59.20
28/04/2021;We Love Pizza Gembloux;91.30;0.00;0.00;86.14;5.16;0.00;0.00;86.14;91.30
28/04/2021;[Sélection];150.50;0.00;0.00;141.99;8.51;0.00;0.00;141.99;150.50
29/04/2021;We Love Pizza 2 - Haine Saint Paul;94.80;0.00;0.00;89.44;5.36;0.00;0.00;89.44;94.80
29/04/2021;We Love Pizza Gembloux;115.80;0.00;0.00;109.26;6.54;0.00;0.00;109.26;115.80
29/04/2021;[Sélection];210.60;0.00;0.00;198.70;11.90;0.00;0.00;198.70;210.60
30/04/2021;We Love Pizza 2 - Haine Saint Paul;112.90;0.00;0.00;106.54;6.36;0.00;0.00;106.54;112.90
30/04/2021;We Love Pizza Gembloux;166.30;0.00;0.00;156.90;9.40;0.00;0.00;156.90;166.30
30/04/2021;[Sélection];279.20;0.00;0.00;263.44;15.76;0.00;0.00;263.44;279.20
01/05/2021;We Love Pizza 2 - Haine Saint Paul;89.50;0.00;0.00;84.46;5.04;0.00;0.00;84.46;89.50
01/05/2021;We Love Pizza Gembloux;202.70;0.00;0.00;191.24;11.46;0.00;0.00;191.24;202.70
01/05/2021;[Sélection];292.20;0.00;0.00;275.70;16.50;0.00;0.00;275.70;292.20
02/05/2021;We Love Pizza 2 - Haine Saint Paul;217.00;0.00;0.00;204.75;12.25;0.00;0.00;204.75;217.00
02/05/2021;We Love Pizza Gembloux;164.70;0.00;0.00;155.40;9.30;0.00;0.00;155.40;164.70
02/05/2021;[Sélection];381.70;0.00;0.00;360.15;21.55;0.00;0.00;360.15;381.70
03/05/2021;We Love Pizza 2 - Haine Saint Paul;87.70;0.00;0.00;82.74;4.96;0.00;0.00;82.74;87.70
03/05/2021;We Love Pizza Gembloux;54.60;0.00;0.00;51.51;3.09;0.00;0.00;51.51;54.60
03/05/2021;[Sélection];142.30;0.00;0.00;134.25;8.05;0.00;0.00;134.25;142.30
04/05/2021;We Love Pizza 2 - Haine Saint Paul;132.00;0.00;0.00;124.54;7.46;0.00;0.00;124.54;132.00
04/05/2021;We Love Pizza Gembloux;55.20;0.00;0.00;52.08;3.12;0.00;0.00;52.08;55.20
04/05/2021;[Sélection];187.20;0.00;0.00;176.62;10.58;0.00;0.00;176.62;187.20
05/05/2021;We Love Pizza 2 - Haine Saint Paul;147.10;0.00;0.00;138.80;8.30;0.00;0.00;138.80;147.10
05/05/2021;We Love Pizza Gembloux;80.60;0.00;0.00;76.04;4.56;0.00;0.00;76.04;80.60
05/05/2021;[Sélection];227.70;0.00;0.00;214.84;12.86;0.00;0.00;214.84;227.70
06/05/2021;We Love Pizza 2 - Haine Saint Paul;62.30;0.00;0.00;58.79;3.51;0.00;0.00;58.79;62.30
06/05/2021;We Love Pizza Gembloux;39.50;0.00;0.00;37.27;2.23;0.00;0.00;37.27;39.50
06/05/2021;[Sélection];101.80;0.00;0.00;96.06;5.74;0.00;0.00;96.06;101.80
07/05/2021;We Love Pizza 2 - Haine Saint Paul;193.40;0.00;0.00;182.47;10.93;0.00;0.00;182.47;193.40
07/05/2021;We Love Pizza Gembloux;138.60;0.00;0.00;130.75;7.85;0.00;0.00;130.75;138.60
07/05/2021;[Sélection];332.00;0.00;0.00;313.22;18.78;0.00;0.00;313.22;332.00
08/05/2021;We Love Pizza 2 - Haine Saint Paul;215.50;0.00;0.00;203.32;12.18;0.00;0.00;203.32;215.50
08/05/2021;We Love Pizza Gembloux;153.90;0.00;0.00;145.19;8.71;0.00;0.00;145.19;153.90
08/05/2021;[Sélection];369.40;0.00;0.00;348.51;20.89;0.00;0.00;348.51;369.40
09/05/2021;We Love Pizza 2 - Haine Saint Paul;300.30;0.00;0.00;283.33;16.97;0.00;0.00;283.33;300.30
09/05/2021;We Love Pizza Gembloux;204.10;0.00;0.00;192.56;11.54;0.00;0.00;192.56;204.10
09/05/2021;[Sélection];504.40;0.00;0.00;475.89;28.51;0.00;0.00;475.89;504.40
10/05/2021;We Love Pizza 2 - Haine Saint Paul;236.80;0.00;0.00;223.43;13.37;0.00;0.00;223.43;236.80
10/05/2021;We Love Pizza Gembloux;55.30;0.00;0.00;52.17;3.13;0.00;0.00;52.17;55.30
10/05/2021;[Sélection];292.10;0.00;0.00;275.60;16.50;0.00;0.00;275.60;292.10
11/05/2021;We Love Pizza 2 - Haine Saint Paul;160.90;0.00;0.00;151.80;9.10;0.00;0.00;151.80;160.90
11/05/2021;We Love Pizza Gembloux;35.10;0.00;0.00;33.12;1.98;0.00;0.00;33.12;35.10
11/05/2021;[Sélection];196.00;0.00;0.00;184.92;11.08;0.00;0.00;184.92;196.00
12/05/2021;We Love Pizza 2 - Haine Saint Paul;282.70;0.00;0.00;266.71;15.99;0.00;0.00;266.71;282.70
12/05/2021;We Love Pizza Gembloux;134.20;0.00;0.00;126.62;7.58;0.00;0.00;126.62;134.20
12/05/2021;[Sélection];416.90;0.00;0.00;393.33;23.57;0.00;0.00;393.33;416.90
13/05/2021;We Love Pizza 2 - Haine Saint Paul;630.40;0.00;0.00;594.78;35.62;0.00;0.00;594.78;630.40
13/05/2021;We Love Pizza Gembloux;199.30;0.00;0.00;188.02;11.28;0.00;0.00;188.02;199.30
13/05/2021;[Sélection];829.70;0.00;0.00;782.80;46.90;0.00;0.00;782.80;829.70
14/05/2021;We Love Pizza 2 - Haine Saint Paul;412.70;0.00;0.00;389.38;23.32;0.00;0.00;389.38;412.70
14/05/2021;We Love Pizza Gembloux;99.50;0.00;0.00;93.88;5.62;0.00;0.00;93.88;99.50
14/05/2021;[Sélection];512.20;0.00;0.00;483.26;28.94;0.00;0.00;483.26;512.20
15/05/2021;We Love Pizza 2 - Haine Saint Paul;346.10;0.00;0.00;326.56;19.54;0.00;0.00;326.56;346.10
15/05/2021;We Love Pizza Gembloux;262.80;0.00;0.00;247.96;14.84;0.00;0.00;247.96;262.80
15/05/2021;[Sélection];608.90;0.00;0.00;574.52;34.38;0.00;0.00;574.52;608.90
16/05/2021;We Love Pizza 2 - Haine Saint Paul;434.00;0.00;0.00;409.50;24.50;0.00;0.00;409.50;434.00
16/05/2021;We Love Pizza Gembloux;115.80;0.00;0.00;109.26;6.54;0.00;0.00;109.26;115.80
16/05/2021;[Sélection];549.80;0.00;0.00;518.76;31.04;0.00;0.00;518.76;549.80
17/05/2021;We Love Pizza 2 - Haine Saint Paul;148.50;0.00;0.00;140.10;8.40;0.00;0.00;140.10;148.50
17/05/2021;We Love Pizza Gembloux;131.60;0.00;0.00;124.16;7.44;0.00;0.00;124.16;131.60
17/05/2021;[Sélection];280.10;0.00;0.00;264.26;15.84;0.00;0.00;264.26;280.10
18/05/2021;We Love Pizza 2 - Haine Saint Paul;184.40;0.00;0.00;173.97;10.43;0.00;0.00;173.97;184.40
18/05/2021;We Love Pizza Gembloux;106.50;0.00;0.00;100.47;6.03;0.00;0.00;100.47;106.50
18/05/2021;[Sélection];290.90;0.00;0.00;274.44;16.46;0.00;0.00;274.44;290.90
19/05/2021;We Love Pizza 2 - Haine Saint Paul;238.10;0.00;0.00;224.65;13.45;0.00;0.00;224.65;238.10
19/05/2021;We Love Pizza Gembloux;148.90;0.00;0.00;140.48;8.42;0.00;0.00;140.48;148.90
19/05/2021;[Sélection];387.00;0.00;0.00;365.13;21.87;0.00;0.00;365.13;387.00
20/05/2021;We Love Pizza 2 - Haine Saint Paul;160.70;0.00;0.00;151.61;9.09;0.00;0.00;151.61;160.70
20/05/2021;We Love Pizza Gembloux;56.80;0.00;0.00;53.59;3.21;0.00;0.00;53.59;56.80
20/05/2021;[Sélection];217.50;0.00;0.00;205.20;12.30;0.00;0.00;205.20;217.50
21/05/2021;We Love Pizza 2 - Haine Saint Paul;189.80;0.00;0.00;179.09;10.71;0.00;0.00;179.09;189.80
21/05/2021;We Love Pizza Gembloux;163.70;0.00;0.00;154.44;9.26;0.00;0.00;154.44;163.70
21/05/2021;[Sélection];353.50;0.00;0.00;333.53;19.97;0.00;0.00;333.53;353.50
22/05/2021;We Love Pizza 2 - Haine Saint Paul;349.40;0.00;0.00;329.66;19.74;0.00;0.00;329.66;349.40
22/05/2021;We Love Pizza Gembloux;183.50;0.00;0.00;173.12;10.38;0.00;0.00;173.12;183.50
22/05/2021;[Sélection];532.90;0.00;0.00;502.78;30.12;0.00;0.00;502.78;532.90
23/05/2021;We Love Pizza 2 - Haine Saint Paul;387.00;0.00;0.00;365.14;21.86;0.00;0.00;365.14;387.00
23/05/2021;We Love Pizza Gembloux;206.90;0.00;0.00;195.21;11.69;0.00;0.00;195.21;206.90
23/05/2021;[Sélection];593.90;0.00;0.00;560.35;33.55;0.00;0.00;560.35;593.90
24/05/2021;We Love Pizza 2 - Haine Saint Paul;404.80;0.00;0.00;381.92;22.88;0.00;0.00;381.92;404.80
24/05/2021;We Love Pizza Gembloux;248.10;0.00;0.00;234.08;14.02;0.00;0.00;234.08;248.10
24/05/2021;[Sélection];652.90;0.00;0.00;616.00;36.90;0.00;0.00;616.00;652.90
25/05/2021;We Love Pizza 2 - Haine Saint Paul;131.90;0.00;0.00;124.43;7.47;0.00;0.00;124.43;131.90
25/05/2021;We Love Pizza Gembloux;54.00;0.00;0.00;50.95;3.05;0.00;0.00;50.95;54.00
25/05/2021;[Sélection];185.90;0.00;0.00;175.38;10.52;0.00;0.00;175.38;185.90
26/05/2021;We Love Pizza 2 - Haine Saint Paul;53.60;0.00;0.00;50.57;3.03;0.00;0.00;50.57;53.60
26/05/2021;We Love Pizza Gembloux;112.80;0.00;0.00;106.44;6.36;0.00;0.00;106.44;112.80
26/05/2021;[Sélection];166.40;0.00;0.00;157.01;9.39;0.00;0.00;157.01;166.40
27/05/2021;We Love Pizza 2 - Haine Saint Paul;132.40;0.00;0.00;124.93;7.47;0.00;0.00;124.93;132.40
27/05/2021;We Love Pizza Gembloux;110.80;0.00;0.00;104.54;6.26;0.00;0.00;104.54;110.80
27/05/2021;[Sélection];243.20;0.00;0.00;229.47;13.73;0.00;0.00;229.47;243.20
28/05/2021;We Love Pizza 2 - Haine Saint Paul;289.00;0.00;0.00;272.69;16.31;0.00;0.00;272.69;289.00
28/05/2021;We Love Pizza Gembloux;100.50;0.00;0.00;94.81;5.69;0.00;0.00;94.81;100.50
28/05/2021;[Sélection];389.50;0.00;0.00;367.50;22.00;0.00;0.00;367.50;389.50
29/05/2021;We Love Pizza 2 - Haine Saint Paul;448.70;0.00;0.00;423.32;25.38;0.00;0.00;423.32;448.70
29/05/2021;We Love Pizza Gembloux;234.30;0.00;0.00;221.06;13.24;0.00;0.00;221.06;234.30
29/05/2021;[Sélection];683.00;0.00;0.00;644.38;38.62;0.00;0.00;644.38;683.00
30/05/2021;We Love Pizza 2 - Haine Saint Paul;495.80;0.00;0.00;467.81;27.99;0.00;0.00;467.81;495.80
30/05/2021;We Love Pizza Gembloux;211.40;0.00;0.00;199.45;11.95;0.00;0.00;199.45;211.40
30/05/2021;[Sélection];707.20;0.00;0.00;667.26;39.94;0.00;0.00;667.26;707.20
31/05/2021;We Love Pizza 2 - Haine Saint Paul;254.00;0.00;0.00;239.65;14.35;0.00;0.00;239.65;254.00
31/05/2021;We Love Pizza Gembloux;173.60;0.00;0.00;163.81;9.79;0.00;0.00;163.81;173.60
31/05/2021;[Sélection];427.60;0.00;0.00;403.46;24.14;0.00;0.00;403.46;427.60
01/06/2021;We Love Pizza 2 - Haine Saint Paul;236.70;0.00;0.00;223.32;13.38;0.00;0.00;223.32;236.70
01/06/2021;We Love Pizza Gembloux;73.50;0.00;0.00;69.36;4.14;0.00;0.00;69.36;73.50
01/06/2021;[Sélection];310.20;0.00;0.00;292.68;17.52;0.00;0.00;292.68;310.20
02/06/2021;We Love Pizza 2 - Haine Saint Paul;334.20;0.00;0.00;315.32;18.88;0.00;0.00;315.32;334.20
02/06/2021;We Love Pizza Gembloux;54.30;0.00;0.00;51.23;3.07;0.00;0.00;51.23;54.30
02/06/2021;[Sélection];388.50;0.00;0.00;366.55;21.95;0.00;0.00;366.55;388.50
03/06/2021;We Love Pizza 2 - Haine Saint Paul;190.40;0.00;0.00;179.66;10.74;0.00;0.00;179.66;190.40
03/06/2021;We Love Pizza Gembloux;120.00;0.00;0.00;113.22;6.78;0.00;0.00;113.22;120.00
03/06/2021;[Sélection];310.40;0.00;0.00;292.88;17.52;0.00;0.00;292.88;310.40
04/06/2021;We Love Pizza 2 - Haine Saint Paul;320.30;0.00;0.00;302.28;18.02;0.00;0.00;302.28;320.30
04/06/2021;We Love Pizza Gembloux;178.80;0.00;0.00;168.69;10.11;0.00;0.00;168.69;178.80
04/06/2021;[Sélection];499.10;0.00;0.00;470.97;28.13;0.00;0.00;470.97;499.10
05/06/2021;We Love Pizza 2 - Haine Saint Paul;497.90;0.00;0.00;469.76;28.14;0.00;0.00;469.76;497.90
05/06/2021;We Love Pizza Gembloux;75.50;0.00;0.00;71.23;4.27;0.00;0.00;71.23;75.50
05/06/2021;[Sélection];573.40;0.00;0.00;540.99;32.41;0.00;0.00;540.99;573.40
06/06/2021;We Love Pizza 2 - Haine Saint Paul;701.00;0.00;0.00;661.42;39.58;0.00;0.00;661.42;701.00
06/06/2021;We Love Pizza Gembloux;140.00;0.00;0.00;132.08;7.92;0.00;0.00;132.08;140.00
06/06/2021;[Sélection];841.00;0.00;0.00;793.50;47.50;0.00;0.00;793.50;841.00
07/06/2021;We Love Pizza 2 - Haine Saint Paul;310.20;0.00;0.00;292.67;17.53;0.00;0.00;292.67;310.20
07/06/2021;We Love Pizza Gembloux;83.60;0.00;0.00;78.86;4.74;0.00;0.00;78.86;83.60
07/06/2021;[Sélection];393.80;0.00;0.00;371.53;22.27;0.00;0.00;371.53;393.80
08/06/2021;We Love Pizza 2 - Haine Saint Paul;250.90;0.00;0.00;236.73;14.17;0.00;0.00;236.73;250.90
08/06/2021;We Love Pizza Gembloux;162.10;0.00;0.00;152.95;9.15;0.00;0.00;152.95;162.10
08/06/2021;[Sélection];413.00;0.00;0.00;389.68;23.32;0.00;0.00;389.68;413.00
09/06/2021;We Love Pizza 2 - Haine Saint Paul;139.60;0.00;0.00;131.70;7.90;0.00;0.00;131.70;139.60
09/06/2021;We Love Pizza Gembloux;86.40;0.00;0.00;81.51;4.89;0.00;0.00;81.51;86.40
09/06/2021;[Sélection];226.00;0.00;0.00;213.21;12.79;0.00;0.00;213.21;226.00
10/06/2021;We Love Pizza 2 - Haine Saint Paul;220.30;0.00;0.00;207.87;12.43;0.00;0.00;207.87;220.30
10/06/2021;We Love Pizza Gembloux;78.20;0.00;0.00;73.78;4.42;0.00;0.00;73.78;78.20
10/06/2021;[Sélection];298.50;0.00;0.00;281.65;16.85;0.00;0.00;281.65;298.50
11/06/2021;We Love Pizza 2 - Haine Saint Paul;200.70;0.00;0.00;189.33;11.37;0.00;0.00;189.33;200.70
11/06/2021;We Love Pizza Gembloux;115.10;0.00;0.00;108.59;6.51;0.00;0.00;108.59;115.10
11/06/2021;[Sélection];315.80;0.00;0.00;297.92;17.88;0.00;0.00;297.92;315.80
12/06/2021;We Love Pizza 2 - Haine Saint Paul;361.40;0.00;0.00;341.01;20.39;0.00;0.00;341.01;361.40
12/06/2021;We Love Pizza Gembloux;119.90;0.00;0.00;113.13;6.77;0.00;0.00;113.13;119.90
12/06/2021;[Sélection];481.30;0.00;0.00;454.14;27.16;0.00;0.00;454.14;481.30
13/06/2021;We Love Pizza 2 - Haine Saint Paul;391.30;0.00;0.00;369.23;22.07;0.00;0.00;369.23;391.30
13/06/2021;We Love Pizza Gembloux;239.10;0.00;0.00;225.59;13.51;0.00;0.00;225.59;239.10
13/06/2021;[Sélection];630.40;0.00;0.00;594.82;35.58;0.00;0.00;594.82;630.40
14/06/2021;We Love Pizza 2 - Haine Saint Paul;205.10;0.00;0.00;193.52;11.58;0.00;0.00;193.52;205.10
14/06/2021;We Love Pizza Gembloux;99.70;0.00;0.00;94.07;5.63;0.00;0.00;94.07;99.70
14/06/2021;[Sélection];304.80;0.00;0.00;287.59;17.21;0.00;0.00;287.59;304.80
15/06/2021;We Love Pizza 2 - Haine Saint Paul;134.30;0.00;0.00;126.73;7.57;0.00;0.00;126.73;134.30
15/06/2021;We Love Pizza Gembloux;45.40;0.00;0.00;42.83;2.57;0.00;0.00;42.83;45.40
15/06/2021;[Sélection];179.70;0.00;0.00;169.56;10.14;0.00;0.00;169.56;179.70
16/06/2021;We Love Pizza 2 - Haine Saint Paul;145.20;0.00;0.00;136.98;8.22;0.00;0.00;136.98;145.20
16/06/2021;We Love Pizza Gembloux;33.40;0.00;0.00;31.52;1.88;0.00;0.00;31.52;33.40
16/06/2021;[Sélection];178.60;0.00;0.00;168.50;10.10;0.00;0.00;168.50;178.60
17/06/2021;We Love Pizza 2 - Haine Saint Paul;235.50;0.00;0.00;222.22;13.28;0.00;0.00;222.22;235.50
17/06/2021;We Love Pizza Gembloux;90.00;0.00;0.00;84.91;5.09;0.00;0.00;84.91;90.00
17/06/2021;[Sélection];325.50;0.00;0.00;307.13;18.37;0.00;0.00;307.13;325.50
18/06/2021;We Love Pizza 2 - Haine Saint Paul;240.90;0.00;0.00;227.28;13.62;0.00;0.00;227.28;240.90
18/06/2021;We Love Pizza Gembloux;131.20;0.00;0.00;123.76;7.44;0.00;0.00;123.76;131.20
18/06/2021;[Sélection];372.10;0.00;0.00;351.04;21.06;0.00;0.00;351.04;372.10
19/06/2021;We Love Pizza 2 - Haine Saint Paul;390.30;0.00;0.00;368.30;22.00;0.00;0.00;368.30;390.30
19/06/2021;We Love Pizza Gembloux;236.50;0.00;0.00;223.14;13.36;0.00;0.00;223.14;236.50
19/06/2021;[Sélection];626.80;0.00;0.00;591.44;35.36;0.00;0.00;591.44;626.80
20/06/2021;We Love Pizza 2 - Haine Saint Paul;412.10;0.00;0.00;388.85;23.25;0.00;0.00;388.85;412.10
20/06/2021;We Love Pizza Gembloux;388.80;0.00;0.00;366.83;21.97;0.00;0.00;366.83;388.80
20/06/2021;[Sélection];800.90;0.00;0.00;755.68;45.22;0.00;0.00;755.68;800.90
21/06/2021;We Love Pizza 2 - Haine Saint Paul;254.20;0.00;0.00;239.82;14.38;0.00;0.00;239.82;254.20
21/06/2021;We Love Pizza Gembloux;158.10;0.00;0.00;149.16;8.94;0.00;0.00;149.16;158.10
21/06/2021;[Sélection];412.30;0.00;0.00;388.98;23.32;0.00;0.00;388.98;412.30
22/06/2021;We Love Pizza 2 - Haine Saint Paul;268.70;0.00;0.00;253.53;15.17;0.00;0.00;253.53;268.70
22/06/2021;We Love Pizza Gembloux;175.80;0.00;0.00;165.87;9.93;0.00;0.00;165.87;175.80
22/06/2021;[Sélection];444.50;0.00;0.00;419.40;25.10;0.00;0.00;419.40;444.50
23/06/2021;We Love Pizza 2 - Haine Saint Paul;156.30;0.00;0.00;147.49;8.81;0.00;0.00;147.49;156.30
23/06/2021;We Love Pizza Gembloux;103.60;0.00;0.00;97.76;5.84;0.00;0.00;97.76;103.60
23/06/2021;[Sélection];259.90;0.00;0.00;245.25;14.65;0.00;0.00;245.25;259.90
24/06/2021;We Love Pizza 2 - Haine Saint Paul;227.90;0.00;0.00;215.04;12.86;0.00;0.00;215.04;227.90
24/06/2021;We Love Pizza Gembloux;109.10;0.00;0.00;102.97;6.13;0.00;0.00;102.97;109.10
24/06/2021;[Sélection];337.00;0.00;0.00;318.01;18.99;0.00;0.00;318.01;337.00
25/06/2021;We Love Pizza 2 - Haine Saint Paul;287.20;0.00;0.00;270.99;16.21;0.00;0.00;270.99;287.20
25/06/2021;We Love Pizza Gembloux;235.40;0.00;0.00;222.12;13.28;0.00;0.00;222.12;235.40
25/06/2021;[Sélection];522.60;0.00;0.00;493.11;29.49;0.00;0.00;493.11;522.60
26/06/2021;We Love Pizza 2 - Haine Saint Paul;393.20;0.00;0.00;370.99;22.21;0.00;0.00;370.99;393.20
26/06/2021;We Love Pizza Gembloux;160.80;0.00;0.00;151.72;9.08;0.00;0.00;151.72;160.80
26/06/2021;[Sélection];554.00;0.00;0.00;522.71;31.29;0.00;0.00;522.71;554.00
27/06/2021;We Love Pizza 2 - Haine Saint Paul;525.20;0.00;0.00;495.57;29.63;0.00;0.00;495.57;525.20
27/06/2021;We Love Pizza Gembloux;112.10;0.00;0.00;105.77;6.33;0.00;0.00;105.77;112.10
27/06/2021;[Sélection];637.30;0.00;0.00;601.34;35.96;0.00;0.00;601.34;637.30
28/06/2021;We Love Pizza 2 - Haine Saint Paul;249.00;0.00;0.00;234.92;14.08;0.00;0.00;234.92;249.00
28/06/2021;We Love Pizza Gembloux;183.00;0.00;0.00;172.67;10.33;0.00;0.00;172.67;183.00
28/06/2021;[Sélection];432.00;0.00;0.00;407.59;24.41;0.00;0.00;407.59;432.00
29/06/2021;We Love Pizza 2 - Haine Saint Paul;267.90;0.00;0.00;252.78;15.12;0.00;0.00;252.78;267.90
29/06/2021;We Love Pizza Gembloux;55.90;0.00;0.00;52.74;3.16;0.00;0.00;52.74;55.90
29/06/2021;[Sélection];323.80;0.00;0.00;305.52;18.28;0.00;0.00;305.52;323.80
30/06/2021;We Love Pizza 2 - Haine Saint Paul;144.60;0.00;0.00;136.44;8.16;0.00;0.00;136.44;144.60
30/06/2021;We Love Pizza Gembloux;74.40;0.00;0.00;70.20;4.20;0.00;0.00;70.20;74.40
30/06/2021;[Sélection];219.00;0.00;0.00;206.64;12.36;0.00;0.00;206.64;219.00
01/07/2021;We Love Pizza 2 - Haine Saint Paul;229.00;0.00;0.00;216.09;12.91;0.00;0.00;216.09;229.00
01/07/2021;We Love Pizza Gembloux;48.00;0.00;0.00;45.28;2.72;0.00;0.00;45.28;48.00
01/07/2021;[Sélection];277.00;0.00;0.00;261.37;15.63;0.00;0.00;261.37;277.00
02/07/2021;We Love Pizza 2 - Haine Saint Paul;176.00;0.00;0.00;166.07;9.93;0.00;0.00;166.07;176.00
02/07/2021;We Love Pizza Gembloux;30.10;0.00;0.00;28.40;1.70;0.00;0.00;28.40;30.10
02/07/2021;[Sélection];206.10;0.00;0.00;194.47;11.63;0.00;0.00;194.47;206.10
03/07/2021;We Love Pizza 2 - Haine Saint Paul;574.20;0.00;0.00;541.78;32.42;0.00;0.00;541.78;574.20
03/07/2021;We Love Pizza Gembloux;247.10;0.00;0.00;233.12;13.98;0.00;0.00;233.12;247.10
03/07/2021;[Sélection];821.30;0.00;0.00;774.90;46.40;0.00;0.00;774.90;821.30
04/07/2021;We Love Pizza 2 - Haine Saint Paul;375.70;0.00;0.00;354.48;21.22;0.00;0.00;354.48;375.70
04/07/2021;We Love Pizza Gembloux;110.00;0.00;0.00;103.78;6.22;0.00;0.00;103.78;110.00
04/07/2021;[Sélection];485.70;0.00;0.00;458.26;27.44;0.00;0.00;458.26;485.70
05/07/2021;We Love Pizza 2 - Haine Saint Paul;226.80;0.00;0.00;214.00;12.80;0.00;0.00;214.00;226.80
05/07/2021;We Love Pizza Gembloux;81.40;0.00;0.00;76.81;4.59;0.00;0.00;76.81;81.40
05/07/2021;[Sélection];308.20;0.00;0.00;290.81;17.39;0.00;0.00;290.81;308.20
06/07/2021;We Love Pizza 2 - Haine Saint Paul;197.90;0.00;0.00;186.73;11.17;0.00;0.00;186.73;197.90
06/07/2021;We Love Pizza Gembloux;44.10;0.00;0.00;41.61;2.49;0.00;0.00;41.61;44.10
06/07/2021;[Sélection];242.00;0.00;0.00;228.34;13.66;0.00;0.00;228.34;242.00
07/07/2021;We Love Pizza 2 - Haine Saint Paul;409.60;0.00;0.00;386.50;23.10;0.00;0.00;386.50;409.60
07/07/2021;We Love Pizza Gembloux;162.60;0.00;0.00;153.42;9.18;0.00;0.00;153.42;162.60
07/07/2021;[Sélection];572.20;0.00;0.00;539.92;32.28;0.00;0.00;539.92;572.20
08/07/2021;We Love Pizza 2 - Haine Saint Paul;200.50;0.00;0.00;189.17;11.33;0.00;0.00;189.17;200.50
08/07/2021;We Love Pizza Gembloux;87.00;0.00;0.00;82.09;4.91;0.00;0.00;82.09;87.00
08/07/2021;[Sélection];287.50;0.00;0.00;271.26;16.24;0.00;0.00;271.26;287.50
09/07/2021;We Love Pizza 2 - Haine Saint Paul;369.20;0.00;0.00;348.37;20.83;0.00;0.00;348.37;369.20
09/07/2021;We Love Pizza Gembloux;177.70;0.00;0.00;167.67;10.03;0.00;0.00;167.67;177.70
09/07/2021;[Sélection];546.90;0.00;0.00;516.04;30.86;0.00;0.00;516.04;546.90
10/07/2021;We Love Pizza 2 - Haine Saint Paul;330.30;0.00;0.00;311.66;18.64;0.00;0.00;311.66;330.30
10/07/2021;We Love Pizza Gembloux;159.90;0.00;0.00;136.71;8.19;0.00;0.00;136.71;159.90
10/07/2021;[Sélection];490.20;0.00;0.00;448.37;26.83;0.00;0.00;448.37;490.20
11/07/2021;We Love Pizza 2 - Haine Saint Paul;397.20;0.00;0.00;374.79;22.41;0.00;0.00;374.79;397.20
11/07/2021;We Love Pizza Gembloux;138.30;0.00;0.00;130.48;7.82;0.00;0.00;130.48;138.30
11/07/2021;[Sélection];535.50;0.00;0.00;505.27;30.23;0.00;0.00;505.27;535.50
12/07/2021;We Love Pizza 2 - Haine Saint Paul;563.90;0.00;0.00;532.09;31.81;0.00;0.00;532.09;563.90
12/07/2021;We Love Pizza Gembloux;229.20;0.00;0.00;216.24;12.96;0.00;0.00;216.24;229.20
12/07/2021;[Sélection];793.10;0.00;0.00;748.33;44.77;0.00;0.00;748.33;793.10
13/07/2021;We Love Pizza 2 - Haine Saint Paul;171.90;0.00;0.00;162.21;9.69;0.00;0.00;162.21;171.90
13/07/2021;We Love Pizza Gembloux;70.70;0.00;0.00;66.71;3.99;0.00;0.00;66.71;70.70
13/07/2021;[Sélection];242.60;0.00;0.00;228.92;13.68;0.00;0.00;228.92;242.60
14/07/2021;We Love Pizza 2 - Haine Saint Paul;152.80;0.00;0.00;144.18;8.62;0.00;0.00;144.18;152.80
14/07/2021;We Love Pizza Gembloux;86.50;0.00;0.00;81.62;4.88;0.00;0.00;81.62;86.50
14/07/2021;[Sélection];239.30;0.00;0.00;225.80;13.50;0.00;0.00;225.80;239.30
15/07/2021;We Love Pizza 2 - Haine Saint Paul;123.30;0.00;0.00;116.35;6.95;0.00;0.00;116.35;123.30
15/07/2021;We Love Pizza Gembloux;78.90;0.00;0.00;74.44;4.46;0.00;0.00;74.44;78.90
15/07/2021;[Sélection];202.20;0.00;0.00;190.79;11.41;0.00;0.00;190.79;202.20
16/07/2021;We Love Pizza 2 - Haine Saint Paul;372.30;0.00;0.00;351.28;21.02;0.00;0.00;351.28;372.30
16/07/2021;We Love Pizza Gembloux;69.00;0.00;0.00;65.10;3.90;0.00;0.00;65.10;69.00
16/07/2021;[Sélection];441.30;0.00;0.00;416.38;24.92;0.00;0.00;416.38;441.30
17/07/2021;We Love Pizza 2 - Haine Saint Paul;406.50;0.00;0.00;383.58;22.92;0.00;0.00;383.58;406.50
17/07/2021;We Love Pizza Gembloux;161.70;0.00;0.00;152.57;9.13;0.00;0.00;152.57;161.70
17/07/2021;[Sélection];568.20;0.00;0.00;536.15;32.05;0.00;0.00;536.15;568.20
18/07/2021;We Love Pizza 2 - Haine Saint Paul;457.10;0.00;0.00;431.28;25.82;0.00;0.00;431.28;457.10
18/07/2021;We Love Pizza Gembloux;231.30;0.00;0.00;218.26;13.04;0.00;0.00;218.26;231.30
18/07/2021;[Sélection];688.40;0.00;0.00;649.54;38.86;0.00;0.00;649.54;688.40
19/07/2021;We Love Pizza 2 - Haine Saint Paul;228.30;0.00;0.00;215.42;12.88;0.00;0.00;215.42;228.30
19/07/2021;We Love Pizza Gembloux;154.70;0.00;0.00;145.96;8.74;0.00;0.00;145.96;154.70
19/07/2021;[Sélection];383.00;0.00;0.00;361.38;21.62;0.00;0.00;361.38;383.00
20/07/2021;We Love Pizza 2 - Haine Saint Paul;176.50;0.00;0.00;166.55;9.95;0.00;0.00;166.55;176.50
20/07/2021;We Love Pizza Gembloux;46.50;0.00;0.00;43.88;2.62;0.00;0.00;43.88;46.50
20/07/2021;[Sélection];223.00;0.00;0.00;210.43;12.57;0.00;0.00;210.43;223.00
21/07/2021;We Love Pizza 2 - Haine Saint Paul;201.30;0.00;0.00;189.94;11.36;0.00;0.00;189.94;201.30
21/07/2021;We Love Pizza Gembloux;140.70;0.00;0.00;132.73;7.97;0.00;0.00;132.73;140.70
21/07/2021;[Sélection];342.00;0.00;0.00;322.67;19.33;0.00;0.00;322.67;342.00
22/07/2021;We Love Pizza 2 - Haine Saint Paul;168.90;0.00;0.00;159.39;9.51;0.00;0.00;159.39;168.90
22/07/2021;We Love Pizza Gembloux;119.90;0.00;0.00;113.14;6.76;0.00;0.00;113.14;119.90
22/07/2021;[Sélection];288.80;0.00;0.00;272.53;16.27;0.00;0.00;272.53;288.80
23/07/2021;We Love Pizza 2 - Haine Saint Paul;289.40;0.00;0.00;273.06;16.34;0.00;0.00;273.06;289.40
23/07/2021;We Love Pizza Gembloux;37.10;0.00;0.00;35.00;2.10;0.00;0.00;35.00;37.10
23/07/2021;[Sélection];326.50;0.00;0.00;308.06;18.44;0.00;0.00;308.06;326.50
24/07/2021;We Love Pizza 2 - Haine Saint Paul;269.80;0.00;0.00;254.57;15.23;0.00;0.00;254.57;269.80
24/07/2021;We Love Pizza Gembloux;64.30;0.00;0.00;60.66;3.64;0.00;0.00;60.66;64.30
24/07/2021;[Sélection];334.10;0.00;0.00;315.23;18.87;0.00;0.00;315.23;334.10
25/07/2021;We Love Pizza 2 - Haine Saint Paul;318.60;0.00;0.00;300.58;18.02;0.00;0.00;300.58;318.60
25/07/2021;We Love Pizza Gembloux;256.00;0.00;0.00;241.53;14.47;0.00;0.00;241.53;256.00
25/07/2021;[Sélection];574.60;0.00;0.00;542.11;32.49;0.00;0.00;542.11;574.60
26/07/2021;We Love Pizza 2 - Haine Saint Paul;354.10;0.00;0.00;334.11;19.99;0.00;0.00;334.11;354.10
26/07/2021;We Love Pizza Gembloux;84.10;0.00;0.00;79.34;4.76;0.00;0.00;79.34;84.10
26/07/2021;[Sélection];438.20;0.00;0.00;413.45;24.75;0.00;0.00;413.45;438.20
27/07/2021;We Love Pizza 2 - Haine Saint Paul;159.10;0.00;0.00;150.12;8.98;0.00;0.00;150.12;159.10
27/07/2021;We Love Pizza Gembloux;105.60;0.00;0.00;99.64;5.96;0.00;0.00;99.64;105.60
27/07/2021;[Sélection];264.70;0.00;0.00;249.76;14.94;0.00;0.00;249.76;264.70
28/07/2021;We Love Pizza 2 - Haine Saint Paul;180.90;0.00;0.00;170.70;10.20;0.00;0.00;170.70;180.90
28/07/2021;We Love Pizza Gembloux;87.80;0.00;0.00;82.84;4.96;0.00;0.00;82.84;87.80
28/07/2021;[Sélection];268.70;0.00;0.00;253.54;15.16;0.00;0.00;253.54;268.70
29/07/2021;We Love Pizza 2 - Haine Saint Paul;76.90;0.00;0.00;72.56;4.34;0.00;0.00;72.56;76.90
29/07/2021;We Love Pizza Gembloux;47.10;0.00;0.00;44.43;2.67;0.00;0.00;44.43;47.10
29/07/2021;[Sélection];124.00;0.00;0.00;116.99;7.01;0.00;0.00;116.99;124.00
30/07/2021;We Love Pizza 2 - Haine Saint Paul;0.00;0.00;0.00;0.00;0.00;0.00;0.00;0.00;0.00
30/07/2021;We Love Pizza Gembloux;171.30;0.00;0.00;161.63;9.67;0.00;0.00;161.63;171.30
30/07/2021;[Sélection];171.30;0.00;0.00;161.63;9.67;0.00;0.00;161.63;171.30
31/07/2021;We Love Pizza 2 - Haine Saint Paul;20.80;0.00;0.00;19.63;1.17;0.00;0.00;19.63;20.80
31/07/2021;We Love Pizza Gembloux;245.50;0.00;0.00;231.61;13.89;0.00;0.00;231.61;245.50
31/07/2021;[Sélection];266.30;0.00;0.00;251.24;15.06;0.00;0.00;251.24;266.30
01/08/2021;We Love Pizza 2 - Haine Saint Paul;352.10;0.00;0.00;332.23;19.87;0.00;0.00;332.23;352.10
01/08/2021;We Love Pizza Gembloux;118.90;0.00;0.00;112.19;6.71;0.00;0.00;112.19;118.90
01/08/2021;[Sélection];471.00;0.00;0.00;444.42;26.58;0.00;0.00;444.42;471.00
02/08/2021;We Love Pizza 2 - Haine Saint Paul;314.50;0.00;0.00;296.75;17.75;0.00;0.00;296.75;314.50
02/08/2021;We Love Pizza Gembloux;157.90;0.00;0.00;148.99;8.91;0.00;0.00;148.99;157.90
02/08/2021;[Sélection];472.40;0.00;0.00;445.74;26.66;0.00;0.00;445.74;472.40
03/08/2021;We Love Pizza 2 - Haine Saint Paul;179.80;0.00;0.00;169.65;10.15;0.00;0.00;169.65;179.80
03/08/2021;We Love Pizza Gembloux;111.10;0.00;0.00;104.84;6.26;0.00;0.00;104.84;111.10
03/08/2021;[Sélection];290.90;0.00;0.00;274.49;16.41;0.00;0.00;274.49;290.90
04/08/2021;We Love Pizza 2 - Haine Saint Paul;193.70;0.00;0.00;182.80;10.90;0.00;0.00;182.80;193.70
04/08/2021;We Love Pizza Gembloux;185.40;0.00;0.00;174.92;10.48;0.00;0.00;174.92;185.40
04/08/2021;[Sélection];379.10;0.00;0.00;357.72;21.38;0.00;0.00;357.72;379.10
05/08/2021;We Love Pizza 2 - Haine Saint Paul;222.10;0.00;0.00;209.55;12.55;0.00;0.00;209.55;222.10
05/08/2021;We Love Pizza Gembloux;188.00;0.00;0.00;177.40;10.60;0.00;0.00;177.40;188.00
05/08/2021;[Sélection];410.10;0.00;0.00;386.95;23.15;0.00;0.00;386.95;410.10
06/08/2021;We Love Pizza 2 - Haine Saint Paul;384.70;0.00;0.00;362.98;21.72;0.00;0.00;362.98;384.70
06/08/2021;We Love Pizza Gembloux;110.30;0.00;0.00;104.09;6.21;0.00;0.00;104.09;110.30
06/08/2021;[Sélection];495.00;0.00;0.00;467.07;27.93;0.00;0.00;467.07;495.00
07/08/2021;We Love Pizza 2 - Haine Saint Paul;601.50;0.00;0.00;567.50;34.00;0.00;0.00;567.50;601.50
07/08/2021;We Love Pizza Gembloux;229.30;0.00;0.00;216.35;12.95;0.00;0.00;216.35;229.30
07/08/2021;[Sélection];830.80;0.00;0.00;783.85;46.95;0.00;0.00;783.85;830.80
08/08/2021;We Love Pizza 2 - Haine Saint Paul;340.50;0.00;0.00;321.27;19.23;0.00;0.00;321.27;340.50
08/08/2021;We Love Pizza Gembloux;262.50;0.00;0.00;247.67;14.83;0.00;0.00;247.67;262.50
08/08/2021;[Sélection];603.00;0.00;0.00;568.94;34.06;0.00;0.00;568.94;603.00
09/08/2021;We Love Pizza 2 - Haine Saint Paul;139.20;0.00;0.00;131.35;7.85;0.00;0.00;131.35;139.20
09/08/2021;We Love Pizza Gembloux;79.90;0.00;0.00;75.38;4.52;0.00;0.00;75.38;79.90
09/08/2021;[Sélection];219.10;0.00;0.00;206.73;12.37;0.00;0.00;206.73;219.10
10/08/2021;We Love Pizza 2 - Haine Saint Paul;135.30;0.00;0.00;127.67;7.63;0.00;0.00;127.67;135.30
10/08/2021;We Love Pizza Gembloux;54.50;0.00;0.00;51.42;3.08;0.00;0.00;51.42;54.50
10/08/2021;[Sélection];189.80;0.00;0.00;179.09;10.71;0.00;0.00;179.09;189.80
11/08/2021;We Love Pizza 2 - Haine Saint Paul;84.80;0.00;0.00;80.03;4.77;0.00;0.00;80.03;84.80
11/08/2021;We Love Pizza Gembloux;74.50;0.00;0.00;70.29;4.21;0.00;0.00;70.29;74.50
11/08/2021;[Sélection];159.30;0.00;0.00;150.32;8.98;0.00;0.00;150.32;159.30
12/08/2021;We Love Pizza 2 - Haine Saint Paul;136.20;0.00;0.00;128.51;7.69;0.00;0.00;128.51;136.20
12/08/2021;We Love Pizza Gembloux;115.70;0.00;0.00;109.17;6.53;0.00;0.00;109.17;115.70
12/08/2021;[Sélection];251.90;0.00;0.00;237.68;14.22;0.00;0.00;237.68;251.90
13/08/2021;We Love Pizza 2 - Haine Saint Paul;288.60;0.00;0.00;272.34;16.26;0.00;0.00;272.34;288.60
13/08/2021;We Love Pizza Gembloux;152.00;0.00;0.00;143.44;8.56;0.00;0.00;143.44;152.00
13/08/2021;[Sélection];440.60;0.00;0.00;415.78;24.82;0.00;0.00;415.78;440.60
14/08/2021;We Love Pizza 2 - Haine Saint Paul;385.70;0.00;0.00;363.93;21.77;0.00;0.00;363.93;385.70
14/08/2021;We Love Pizza Gembloux;66.80;0.00;0.00;63.04;3.76;0.00;0.00;63.04;66.80
14/08/2021;[Sélection];452.50;0.00;0.00;426.97;25.53;0.00;0.00;426.97;452.50
15/08/2021;We Love Pizza 2 - Haine Saint Paul;526.70;0.00;0.00;496.96;29.74;0.00;0.00;496.96;526.70
15/08/2021;We Love Pizza Gembloux;126.10;0.00;0.00;118.98;7.12;0.00;0.00;118.98;126.10
15/08/2021;[Sélection];652.80;0.00;0.00;615.94;36.86;0.00;0.00;615.94;652.80
16/08/2021;We Love Pizza 2 - Haine Saint Paul;184.00;0.00;0.00;173.61;10.39;0.00;0.00;173.61;184.00
16/08/2021;We Love Pizza Gembloux;116.40;0.00;0.00;109.82;6.58;0.00;0.00;109.82;116.40
16/08/2021;[Sélection];300.40;0.00;0.00;283.43;16.97;0.00;0.00;283.43;300.40
17/08/2021;We Love Pizza 2 - Haine Saint Paul;339.70;0.00;0.00;320.53;19.17;0.00;0.00;320.53;339.70
17/08/2021;We Love Pizza Gembloux;105.80;0.00;0.00;99.81;5.99;0.00;0.00;99.81;105.80
17/08/2021;[Sélection];445.50;0.00;0.00;420.34;25.16;0.00;0.00;420.34;445.50
18/08/2021;We Love Pizza 2 - Haine Saint Paul;203.20;0.00;0.00;191.72;11.48;0.00;0.00;191.72;203.20
18/08/2021;We Love Pizza Gembloux;97.50;0.00;0.00;92.00;5.50;0.00;0.00;92.00;97.50
18/08/2021;[Sélection];300.70;0.00;0.00;283.72;16.98;0.00;0.00;283.72;300.70
19/08/2021;We Love Pizza 2 - Haine Saint Paul;206.90;0.00;0.00;195.21;11.69;0.00;0.00;195.21;206.90
19/08/2021;We Love Pizza Gembloux;106.40;0.00;0.00;100.39;6.01;0.00;0.00;100.39;106.40
19/08/2021;[Sélection];313.30;0.00;0.00;295.60;17.70;0.00;0.00;295.60;313.30
20/08/2021;We Love Pizza 2 - Haine Saint Paul;201.20;0.00;0.00;189.86;11.34;0.00;0.00;189.86;201.20
20/08/2021;We Love Pizza Gembloux;129.00;0.00;0.00;121.71;7.29;0.00;0.00;121.71;129.00
20/08/2021;[Sélection];330.20;0.00;0.00;311.57;18.63;0.00;0.00;311.57;330.20
21/08/2021;We Love Pizza 2 - Haine Saint Paul;397.30;0.00;0.00;374.84;22.46;0.00;0.00;374.84;397.30
21/08/2021;We Love Pizza Gembloux;196.40;0.00;0.00;185.33;11.07;0.00;0.00;185.33;196.40
21/08/2021;[Sélection];593.70;0.00;0.00;560.17;33.53;0.00;0.00;560.17;593.70
22/08/2021;We Love Pizza 2 - Haine Saint Paul;465.20;0.00;0.00;438.92;26.28;0.00;0.00;438.92;465.20
22/08/2021;We Love Pizza Gembloux;211.90;0.00;0.00;199.94;11.96;0.00;0.00;199.94;211.90
22/08/2021;[Sélection];677.10;0.00;0.00;638.86;38.24;0.00;0.00;638.86;677.10
23/08/2021;We Love Pizza 2 - Haine Saint Paul;179.20;0.00;0.00;169.07;10.13;0.00;0.00;169.07;179.20
23/08/2021;We Love Pizza Gembloux;104.60;0.00;0.00;98.69;5.91;0.00;0.00;98.69;104.60
23/08/2021;[Sélection];283.80;0.00;0.00;267.76;16.04;0.00;0.00;267.76;283.80
24/08/2021;We Love Pizza 2 - Haine Saint Paul;286.10;0.00;0.00;269.94;16.16;0.00;0.00;269.94;286.10
24/08/2021;We Love Pizza Gembloux;97.80;0.00;0.00;92.27;5.53;0.00;0.00;92.27;97.80
24/08/2021;[Sélection];383.90;0.00;0.00;362.21;21.69;0.00;0.00;362.21;383.90
25/08/2021;We Love Pizza 2 - Haine Saint Paul;163.40;0.00;0.00;154.17;9.23;0.00;0.00;154.17;163.40
25/08/2021;We Love Pizza Gembloux;144.10;0.00;0.00;135.96;8.14;0.00;0.00;135.96;144.10
25/08/2021;[Sélection];307.50;0.00;0.00;290.13;17.37;0.00;0.00;290.13;307.50
26/08/2021;We Love Pizza 2 - Haine Saint Paul;272.10;0.00;0.00;256.72;15.38;0.00;0.00;256.72;272.10
26/08/2021;We Love Pizza Gembloux;166.70;0.00;0.00;157.29;9.41;0.00;0.00;157.29;166.70
26/08/2021;[Sélection];438.80;0.00;0.00;414.01;24.79;0.00;0.00;414.01;438.80
27/08/2021;We Love Pizza 2 - Haine Saint Paul;252.60;0.00;0.00;238.34;14.26;0.00;0.00;238.34;252.60
27/08/2021;We Love Pizza Gembloux;90.80;0.00;0.00;85.65;5.15;0.00;0.00;85.65;90.80
27/08/2021;[Sélection];343.40;0.00;0.00;323.99;19.41;0.00;0.00;323.99;343.40
28/08/2021;We Love Pizza 2 - Haine Saint Paul;435.30;0.00;0.00;410.74;24.56;0.00;0.00;410.74;435.30
28/08/2021;We Love Pizza Gembloux;262.10;0.00;0.00;247.26;14.84;0.00;0.00;247.26;262.10
28/08/2021;[Sélection];697.40;0.00;0.00;658.00;39.40;0.00;0.00;658.00;697.40
29/08/2021;We Love Pizza 2 - Haine Saint Paul;492.20;0.00;0.00;464.42;27.78;0.00;0.00;464.42;492.20
29/08/2021;We Love Pizza Gembloux;146.40;0.00;0.00;138.14;8.26;0.00;0.00;138.14;146.40
29/08/2021;[Sélection];638.60;0.00;0.00;602.56;36.04;0.00;0.00;602.56;638.60
30/08/2021;We Love Pizza 2 - Haine Saint Paul;176.90;0.00;0.00;166.90;10.00;0.00;0.00;166.90;176.90
30/08/2021;We Love Pizza Gembloux;85.50;0.00;0.00;80.67;4.83;0.00;0.00;80.67;85.50
30/08/2021;[Sélection];262.40;0.00;0.00;247.57;14.83;0.00;0.00;247.57;262.40
31/08/2021;We Love Pizza 2 - Haine Saint Paul;254.40;0.00;0.00;240.04;14.36;0.00;0.00;240.04;254.40
31/08/2021;We Love Pizza Gembloux;69.60;0.00;0.00;65.67;3.93;0.00;0.00;65.67;69.60
31/08/2021;[Sélection];324.00;0.00;0.00;305.71;18.29;0.00;0.00;305.71;324.00
01/09/2021;We Love Pizza 2 - Haine Saint Paul;246.10;0.00;0.00;232.23;13.87;0.00;0.00;232.23;246.10
01/09/2021;We Love Pizza Gembloux;193.80;0.00;0.00;182.85;10.95;0.00;0.00;182.85;193.80
01/09/2021;[Sélection];439.90;0.00;0.00;415.08;24.82;0.00;0.00;415.08;439.90
02/09/2021;We Love Pizza 2 - Haine Saint Paul;152.40;0.00;0.00;143.79;8.61;0.00;0.00;143.79;152.40
02/09/2021;We Love Pizza Gembloux;146.30;0.00;0.00;138.03;8.27;0.00;0.00;138.03;146.30
02/09/2021;[Sélection];298.70;0.00;0.00;281.82;16.88;0.00;0.00;281.82;298.70
03/09/2021;We Love Pizza 2 - Haine Saint Paul;178.10;0.00;0.00;168.04;10.06;0.00;0.00;168.04;178.10
03/09/2021;We Love Pizza Gembloux;93.10;0.00;0.00;87.82;5.28;0.00;0.00;87.82;93.10
03/09/2021;[Sélection];271.20;0.00;0.00;255.86;15.34;0.00;0.00;255.86;271.20
04/09/2021;We Love Pizza 2 - Haine Saint Paul;389.20;0.00;0.00;367.23;21.97;0.00;0.00;367.23;389.20
04/09/2021;We Love Pizza Gembloux;189.70;0.00;0.00;178.98;10.72;0.00;0.00;178.98;189.70
04/09/2021;[Sélection];578.90;0.00;0.00;546.21;32.69;0.00;0.00;546.21;578.90
05/09/2021;We Love Pizza 2 - Haine Saint Paul;361.00;0.00;0.00;340.64;20.36;0.00;0.00;340.64;361.00
05/09/2021;We Love Pizza Gembloux;174.90;0.00;0.00;165.02;9.88;0.00;0.00;165.02;174.90
05/09/2021;[Sélection];535.90;0.00;0.00;505.66;30.24;0.00;0.00;505.66;535.90
06/09/2021;We Love Pizza 2 - Haine Saint Paul;189.40;0.00;0.00;178.70;10.70;0.00;0.00;178.70;189.40
06/09/2021;We Love Pizza Gembloux;88.20;0.00;0.00;83.21;4.99;0.00;0.00;83.21;88.20
06/09/2021;[Sélection];277.60;0.00;0.00;261.91;15.69;0.00;0.00;261.91;277.60
07/09/2021;We Love Pizza 2 - Haine Saint Paul;167.60;0.00;0.00;158.12;9.48;0.00;0.00;158.12;167.60
07/09/2021;We Love Pizza Gembloux;60.20;0.00;0.00;56.80;3.40;0.00;0.00;56.80;60.20
07/09/2021;[Sélection];227.80;0.00;0.00;214.92;12.88;0.00;0.00;214.92;227.80
08/09/2021;We Love Pizza 2 - Haine Saint Paul;214.40;0.00;0.00;202.28;12.12;0.00;0.00;202.28;214.40
08/09/2021;We Love Pizza Gembloux;36.10;0.00;0.00;34.06;2.04;0.00;0.00;34.06;36.10
08/09/2021;[Sélection];250.50;0.00;0.00;236.34;14.16;0.00;0.00;236.34;250.50
09/09/2021;We Love Pizza 2 - Haine Saint Paul;207.60;0.00;0.00;195.89;11.71;0.00;0.00;195.89;207.60
09/09/2021;We Love Pizza Gembloux;73.60;0.00;0.00;69.43;4.17;0.00;0.00;69.43;73.60
09/09/2021;[Sélection];281.20;0.00;0.00;265.32;15.88;0.00;0.00;265.32;281.20
10/09/2021;We Love Pizza 2 - Haine Saint Paul;73.90;0.00;0.00;69.72;4.18;0.00;0.00;69.72;73.90
10/09/2021;We Love Pizza Gembloux;133.90;0.00;0.00;126.35;7.55;0.00;0.00;126.35;133.90
10/09/2021;[Sélection];207.80;0.00;0.00;196.07;11.73;0.00;0.00;196.07;207.80
11/09/2021;We Love Pizza 2 - Haine Saint Paul;362.20;0.00;0.00;341.77;20.43;0.00;0.00;341.77;362.20
11/09/2021;We Love Pizza Gembloux;227.00;0.00;0.00;214.17;12.83;0.00;0.00;214.17;227.00
11/09/2021;[Sélection];589.20;0.00;0.00;555.94;33.26;0.00;0.00;555.94;589.20
12/09/2021;We Love Pizza 2 - Haine Saint Paul;204.60;0.00;0.00;193.06;11.54;0.00;0.00;193.06;204.60
12/09/2021;We Love Pizza Gembloux;166.50;0.00;0.00;157.09;9.41;0.00;0.00;157.09;166.50
12/09/2021;[Sélection];371.10;0.00;0.00;350.15;20.95;0.00;0.00;350.15;371.10
13/09/2021;We Love Pizza 2 - Haine Saint Paul;169.40;0.00;0.00;159.82;9.58;0.00;0.00;159.82;169.40
13/09/2021;We Love Pizza Gembloux;138.00;0.00;0.00;130.21;7.79;0.00;0.00;130.21;138.00
13/09/2021;[Sélection];307.40;0.00;0.00;290.03;17.37;0.00;0.00;290.03;307.40
14/09/2021;We Love Pizza 2 - Haine Saint Paul;108.80;0.00;0.00;102.65;6.15;0.00;0.00;102.65;108.80
14/09/2021;We Love Pizza Gembloux;201.10;0.00;0.00;189.74;11.36;0.00;0.00;189.74;201.10
14/09/2021;[Sélection];309.90;0.00;0.00;292.39;17.51;0.00;0.00;292.39;309.90
15/09/2021;We Love Pizza 2 - Haine Saint Paul;89.40;0.00;0.00;84.35;5.05;0.00;0.00;84.35;89.40
15/09/2021;We Love Pizza Gembloux;92.60;0.00;0.00;87.36;5.24;0.00;0.00;87.36;92.60
15/09/2021;[Sélection];182.00;0.00;0.00;171.71;10.29;0.00;0.00;171.71;182.00
16/09/2021;We Love Pizza 2 - Haine Saint Paul;53.00;0.00;0.00;50.01;2.99;0.00;0.00;50.01;53.00
16/09/2021;We Love Pizza Gembloux;92.50;0.00;0.00;87.27;5.23;0.00;0.00;87.27;92.50
16/09/2021;[Sélection];145.50;0.00;0.00;137.28;8.22;0.00;0.00;137.28;145.50
17/09/2021;We Love Pizza 2 - Haine Saint Paul;115.80;0.00;0.00;109.27;6.53;0.00;0.00;109.27;115.80
17/09/2021;We Love Pizza Gembloux;63.80;0.00;0.00;60.20;3.60;0.00;0.00;60.20;63.80
17/09/2021;[Sélection];179.60;0.00;0.00;169.47;10.13;0.00;0.00;169.47;179.60
18/09/2021;We Love Pizza 2 - Haine Saint Paul;330.70;0.00;0.00;312.06;18.64;0.00;0.00;312.06;330.70
18/09/2021;We Love Pizza Gembloux;101.10;0.00;0.00;95.37;5.73;0.00;0.00;95.37;101.10
18/09/2021;[Sélection];431.80;0.00;0.00;407.43;24.37;0.00;0.00;407.43;431.80
19/09/2021;We Love Pizza 2 - Haine Saint Paul;301.90;0.00;0.00;284.85;17.05;0.00;0.00;284.85;301.90
19/09/2021;We Love Pizza Gembloux;110.80;0.00;0.00;104.53;6.27;0.00;0.00;104.53;110.80
19/09/2021;[Sélection];412.70;0.00;0.00;389.38;23.32;0.00;0.00;389.38;412.70
20/09/2021;We Love Pizza 2 - Haine Saint Paul;134.80;0.00;0.00;127.18;7.62;0.00;0.00;127.18;134.80
20/09/2021;We Love Pizza Gembloux;71.00;0.00;0.00;66.98;4.02;0.00;0.00;66.98;71.00
20/09/2021;[Sélection];205.80;0.00;0.00;194.16;11.64;0.00;0.00;194.16;205.80
21/09/2021;We Love Pizza 2 - Haine Saint Paul;90.70;0.00;0.00;85.58;5.12;0.00;0.00;85.58;90.70
21/09/2021;We Love Pizza Gembloux;38.20;0.00;0.00;36.05;2.15;0.00;0.00;36.05;38.20
21/09/2021;[Sélection];128.90;0.00;0.00;121.63;7.27;0.00;0.00;121.63;128.90
22/09/2021;We Love Pizza 2 - Haine Saint Paul;65.30;0.00;0.00;61.63;3.67;0.00;0.00;61.63;65.30
22/09/2021;We Love Pizza Gembloux;120.80;0.00;0.00;113.97;6.83;0.00;0.00;113.97;120.80
22/09/2021;[Sélection];186.10;0.00;0.00;175.60;10.50;0.00;0.00;175.60;186.10
23/09/2021;We Love Pizza 2 - Haine Saint Paul;74.50;0.00;0.00;70.28;4.22;0.00;0.00;70.28;74.50
23/09/2021;We Love Pizza Gembloux;82.40;0.00;0.00;77.73;4.67;0.00;0.00;77.73;82.40
23/09/2021;[Sélection];156.90;0.00;0.00;148.01;8.89;0.00;0.00;148.01;156.90
24/09/2021;We Love Pizza 2 - Haine Saint Paul;260.30;0.00;0.00;245.60;14.70;0.00;0.00;245.60;260.30
24/09/2021;We Love Pizza Gembloux;137.60;0.00;0.00;129.84;7.76;0.00;0.00;129.84;137.60
24/09/2021;[Sélection];397.90;0.00;0.00;375.44;22.46;0.00;0.00;375.44;397.90
25/09/2021;We Love Pizza 2 - Haine Saint Paul;277.10;0.00;0.00;261.46;15.64;0.00;0.00;261.46;277.10
25/09/2021;We Love Pizza Gembloux;243.30;0.00;0.00;229.55;13.75;0.00;0.00;229.55;243.30
25/09/2021;[Sélection];520.40;0.00;0.00;491.01;29.39;0.00;0.00;491.01;520.40
26/09/2021;We Love Pizza 2 - Haine Saint Paul;146.70;0.00;0.00;138.42;8.28;0.00;0.00;138.42;146.70
26/09/2021;We Love Pizza Gembloux;124.10;0.00;0.00;117.09;7.01;0.00;0.00;117.09;124.10
26/09/2021;[Sélection];270.80;0.00;0.00;255.51;15.29;0.00;0.00;255.51;270.80
27/09/2021;We Love Pizza 2 - Haine Saint Paul;166.00;0.00;0.00;156.63;9.37;0.00;0.00;156.63;166.00
27/09/2021;We Love Pizza Gembloux;92.70;0.00;0.00;87.47;5.23;0.00;0.00;87.47;92.70
27/09/2021;[Sélection];258.70;0.00;0.00;244.10;14.60;0.00;0.00;244.10;258.70
